Place,lat,long,January,February,March,April,May,June,July,August,September,October,November,December
Quinte West,44.103693799999995,-77.57576170000002,72.5,86.0,107.75,100.5,107.25,105.75,113.25,107.0,93.25,84.25,55.0,57.75
North Perth,43.6912632,-80.9835292,56.75,79.0,108.75,107.25,108.25,105.0,109.0,104.25,87.5,78.75,48.75,45.75
Plympton-Wyoming,43.043345200000005,-82.1860834,62.75,80.25,102.0,102.75,109.75,107.0,110.25,107.25,94.75,87.5,56.25,50.25
West Nipissing,46.4101761,-79.96257163,74.0,92.5,121.0,111.0,106.75,101.5,106.5,101.5,82.25,72.5,50.0,58.0
Fort Severn,55.995309,-87.626953,68.25,100.5,143.75,139.0,118.75,100.75,101.5,93.25,67.75,54.75,44.75,46.5
Bearskin Lake,53.926117299999994,-90.9655011,76.0,99.0,136.25,130.25,114.25,99.0,103.0,96.75,72.0,56.5,48.0,56.5
Weagamow Lake,52.9499448,-91.34016729999999,78.5,98.0,133.5,128.5,113.0,98.5,104.0,97.75,74.75,59.5,50.25,60.25
Merrickville,44.9161119,-75.8369285,76.5,93.25,115.5,101.0,105.0,103.5,108.25,106.25,92.0,82.25,56.0,60.75
Christian Island,44.83290725,-80.19795787,61.25,81.0,110.25,106.25,107.5,104.0,108.25,104.25,87.5,78.0,49.5,48.75
Thornbury,44.5616963,-80.4501139,58.75,79.5,108.5,106.5,108.25,104.75,108.75,105.25,89.0,80.25,49.75,47.75
Belmont,42.8831501,-81.0846444,61.0,77.5,96.25,101.0,105.75,104.5,108.0,104.25,94.5,86.25,54.75,50.0
Kitchenuhmaykoosib,53.831216299999994,-89.89204189,75.5,99.5,135.25,130.0,114.25,98.0,102.0,95.5,70.75,57.0,47.5,56.25
Sandy Lake,44.5439096,-78.40572406,75.5,99.25,135.25,130.0,114.25,98.0,102.0,95.5,70.75,57.0,47.5,56.25
Garden Village,43.65812415,-79.375609,78.5,97.25,134.0,128.5,113.0,100.5,105.25,100.25,77.5,60.25,51.75,61.25
Windermere,47.9674493,-83.48612920000001,74.0,92.25,120.75,110.5,106.75,101.75,106.25,101.75,82.25,73.0,49.75,57.5
Lancaster,45.141266200000004,-74.4999495,66.5,84.25,112.25,105.75,106.5,103.0,107.5,102.75,85.5,75.5,49.25,52.75
Martintown,45.154595799999996,-74.7105965,77.25,94.0,117.5,100.25,104.5,101.0,107.75,104.25,91.5,81.5,57.0,62.25
Cornwall,45.021369,-74.73175,77.25,94.0,117.25,100.25,104.25,101.25,107.75,104.75,91.0,81.5,57.0,62.0
Green Valley,45.2557842,-74.5951434,76.5,93.75,116.5,99.5,104.5,101.25,108.0,104.5,91.25,81.75,57.0,61.5
Apple Hill,45.2209199,-74.77087209999999,77.5,94.0,117.75,100.75,104.0,101.0,107.25,104.25,91.0,81.0,57.0,62.25
Alexandria,45.3112037,-74.6367573,77.5,94.0,117.25,100.25,104.0,101.0,107.5,104.25,90.75,81.25,56.75,62.25
Glen Robertson,45.3600184,-74.5020659,77.75,94.75,117.75,100.75,104.0,101.0,107.25,104.25,90.5,80.5,56.75,62.25
Maxville,45.2885939,-74.85549379999999,78.0,95.0,118.5,100.75,104.0,100.5,107.25,104.25,90.5,80.5,56.75,62.5
Monkland,45.1958029,-74.8766224,77.5,94.25,117.25,100.75,104.0,101.0,107.5,104.25,90.5,80.5,56.5,62.25
St. Andrews,44.0094575,-79.47189315,77.5,94.0,117.25,100.25,104.0,101.25,107.5,104.5,90.5,81.5,56.5,62.0
Ingleside,44.9954941,-74.98674270000001,77.25,94.0,116.75,100.0,104.25,101.25,108.0,104.75,91.0,81.5,57.0,61.75
Newington,45.1165855,-75.0136988,76.5,93.25,116.25,99.5,104.0,101.75,107.75,104.75,91.0,81.75,56.75,61.25
Avonmore,45.1720234,-74.96707359999999,77.25,94.0,116.75,100.25,104.0,101.75,107.5,104.75,91.0,81.5,56.5,61.75
Moose Creek,45.374876799999996,-75.0303574,77.5,94.0,116.75,100.25,104.0,101.25,107.5,104.75,90.75,81.5,56.5,61.75
Crysler,45.218477500000006,-75.15274959999999,77.75,94.75,117.25,100.75,104.0,101.25,107.5,104.5,90.5,81.0,56.5,62.25
Finch,43.7812974,-79.4158993,78.0,95.0,117.5,101.25,104.0,101.75,107.5,105.25,91.0,81.5,56.5,62.0
Chesterville,45.103577,-75.229568,77.5,94.0,116.75,100.5,104.0,101.75,107.5,105.0,91.0,81.5,56.5,61.75
Williamsburg,44.974768700000006,-75.24319179999999,77.5,94.0,116.75,100.5,104.25,102.0,107.5,105.0,91.25,81.5,56.5,61.25
Morrisburg,44.896741,-75.18321999999999,77.0,93.75,116.25,100.25,104.0,102.25,107.5,105.0,91.25,81.75,56.5,61.0
Winchester,45.0928774,-75.35299,76.5,93.25,115.5,99.5,104.0,102.25,107.75,105.0,91.25,82.25,56.5,61.0
Vankleek Hill,45.5198191,-74.6504756,77.5,94.0,116.5,100.75,104.25,102.5,107.5,105.5,91.25,81.5,56.5,61.25
Hawkesbury,45.60556,-74.59904870000001,78.75,95.25,118.75,101.75,103.5,99.75,106.5,103.25,89.5,79.25,56.25,63.25
L'Orignal,45.620335499999996,-74.691633,79.0,96.0,119.75,102.5,103.75,99.75,106.5,103.5,89.5,78.75,56.25,63.25
Lefaivre,45.6392196,-74.8984502,79.0,96.0,119.75,102.5,103.25,99.75,106.5,103.5,89.5,78.75,56.25,63.25
Alfred,45.5580287,-74.8829002,79.0,96.25,120.5,103.0,103.25,100.0,106.5,103.25,89.25,78.5,56.0,63.25
Plantagenet,45.5348936,-74.99595079999999,79.0,96.0,119.75,102.5,103.75,100.25,106.75,103.5,89.5,78.75,56.0,63.25
Clarence Creek,45.5069937,-75.21834709999999,79.0,96.25,119.75,102.5,103.75,100.25,107.0,103.5,89.5,79.25,56.0,63.25
Hammond,45.441578799999995,-75.2399439,79.0,96.75,119.75,102.75,103.75,100.25,107.25,103.75,89.75,79.25,56.0,62.25
Sarsfield,45.442308000000004,-75.345612,78.75,96.0,119.0,102.25,103.75,100.75,107.25,104.25,90.25,79.5,56.0,62.25
Casselman,45.313528999999996,-75.08674599999999,79.0,96.25,119.0,102.25,103.75,100.75,107.25,104.25,90.25,79.5,56.0,62.25
Russell,45.257489,-75.35797099999999,78.0,95.0,117.75,101.25,104.0,101.0,107.5,104.75,90.5,80.5,56.5,62.25
Vars,45.3559866,-75.35278309999998,78.0,95.0,117.75,101.75,104.0,101.75,107.25,105.25,91.0,81.0,56.25,61.75
Kemptville,45.015649700000004,-75.6445598,78.25,96.0,118.25,102.25,103.75,101.0,107.25,105.0,90.5,80.5,56.0,62.25
Spencerville,44.8433048,-75.5463673,77.25,94.0,116.25,101.25,104.5,103.25,107.75,106.0,91.5,81.5,56.0,60.75
Cardinal,44.78770170000001,-75.38009840000001,76.5,92.75,115.25,100.0,104.5,103.25,107.75,105.25,91.25,82.25,56.25,60.75
Johnstown,44.7446218,-75.4652935,76.5,92.75,115.25,99.75,104.25,103.0,108.0,105.0,91.25,82.5,56.5,60.75
Prescott,44.71841320000001,-75.51916750000001,76.0,92.5,114.5,99.75,104.25,103.25,108.25,105.0,91.25,82.5,56.5,60.75
Smiths Falls,44.901362,-76.019554,76.0,92.25,114.5,99.5,104.25,103.25,108.25,105.0,91.25,82.5,56.25,60.25
Jasper,44.832511600000004,-75.9347245,76.5,93.25,115.5,101.5,105.25,103.5,109.0,106.75,92.25,82.25,56.0,60.75
Toledo,44.7401804,-75.99525329999999,76.5,92.5,115.25,101.0,105.0,103.75,109.0,106.5,92.25,82.25,56.0,60.75
Frankville,44.721307200000005,-75.9615713,76.0,92.25,114.5,100.5,105.25,104.0,109.75,106.5,92.0,82.5,56.0,60.25
Athens,44.626435799999996,-75.9522981,75.75,92.0,114.25,100.5,105.0,104.0,109.25,106.25,92.0,82.5,56.0,60.25
Lyn,44.5773289,-75.7841229,75.75,91.5,113.5,100.0,105.25,104.0,110.0,105.75,92.0,82.5,56.0,60.25
Lyndhurst,43.460688899999994,-80.50908403,75.5,91.5,113.5,99.5,105.0,103.5,109.75,105.75,92.25,82.75,56.25,60.25
Rockport,44.3794699,-75.93284,75.0,91.0,113.0,100.0,105.25,104.0,111.25,106.5,92.25,83.0,56.0,59.75
Gananoque,44.3352722,-76.16466379999999,74.75,90.75,112.5,99.0,105.5,104.0,111.75,105.75,92.25,83.25,56.0,59.75
Seeleys Bay,44.476139,-76.23659740000001,74.5,90.0,111.75,99.25,105.5,104.25,112.25,106.25,92.25,83.25,56.0,59.5
Portland,44.698979,-76.188746,74.75,90.5,112.5,99.75,105.25,104.25,112.0,106.25,92.25,83.0,56.0,59.5
Newboro,44.6514774,-76.3186936,75.75,91.5,113.75,100.75,105.25,104.0,110.5,106.5,91.25,82.5,56.0,60.25
Westport,44.678461999999996,-76.397463,75.75,91.25,113.5,100.5,105.25,104.0,111.0,106.75,91.25,82.25,55.5,60.0
Vernon,45.1608853,-75.4620349,75.75,91.25,113.5,101.0,105.25,104.0,111.25,106.75,91.25,82.25,55.25,60.0
Greely,45.2626978,-75.5600281,77.5,95.0,117.25,101.5,104.25,102.5,107.5,105.75,91.25,81.5,56.0,61.25
Osgoode,43.6508016,-79.38654090000001,78.0,95.0,117.75,102.0,104.0,102.0,107.5,105.5,91.0,80.5,56.0,61.75
Kars,45.154927,-75.648422,77.5,95.0,117.0,101.5,104.5,102.75,107.5,105.75,91.5,81.5,56.0,61.25
North Gower,45.133258500000004,-75.7165345,77.5,95.0,117.25,101.5,104.5,102.75,107.75,106.0,91.5,81.5,56.0,61.25
Ottawa,45.421106,-75.690308,77.5,95.0,117.25,101.75,104.5,102.75,107.75,106.0,91.5,81.5,56.0,61.25
Kanata,45.312201200000004,-75.90515479999999,78.75,96.0,118.75,103.25,104.0,101.75,107.75,105.25,90.5,79.5,55.5,62.0
Stittsville,45.269447799999995,-75.91393131,78.25,95.25,118.25,103.25,104.75,102.5,108.5,105.75,91.5,80.5,56.0,61.5
Munster,45.1643289,-75.93985579999999,78.0,95.0,117.75,102.75,104.75,102.75,108.0,106.0,91.5,80.5,56.0,61.25
Carp,45.345147999999995,-76.03671999999999,77.75,95.0,117.25,102.5,105.25,103.0,108.25,106.25,91.5,81.5,56.0,61.25
Constance Bay,45.4988619,-76.09392120000001,78.25,95.25,118.25,103.5,105.0,102.75,108.5,105.75,91.5,80.25,55.5,61.25
Fitzroy Harbour,45.471688,-76.214905,79.0,96.0,119.25,104.5,105.25,103.0,108.5,105.75,91.25,79.5,55.5,61.75
Arnprior,45.435081,-76.357384,78.5,96.0,119.25,104.5,105.5,103.0,108.75,106.25,91.5,79.5,55.5,61.75
Almonte,45.226048999999996,-76.1945277,78.25,96.0,118.75,104.5,106.0,103.5,109.25,106.25,91.5,79.75,55.5,61.5
Carleton Place,45.140399,-76.14624,78.0,95.0,117.75,103.5,105.75,103.5,109.25,106.75,91.5,81.0,55.75,61.25
Franktown,45.0406281,-76.060592,77.5,95.0,117.5,103.0,105.75,103.75,109.25,107.0,92.0,81.5,56.0,61.0
Perth,43.493599100000004,-81.01641109999998,77.5,94.0,116.75,102.5,105.5,103.5,108.5,107.0,92.25,81.75,56.0,60.75
Rideau Ferry,44.85482065,-76.14096288,76.75,93.25,115.5,102.0,105.75,104.25,109.75,107.25,92.0,82.25,56.0,60.75
Maberly,44.8368158,-76.5414181,76.5,92.75,115.25,101.5,105.25,104.0,109.75,106.75,92.0,82.25,56.0,60.75
Ompah,45.008190899999995,-76.83579590000001,76.0,92.0,114.25,101.75,105.25,104.0,110.5,107.0,91.25,82.0,55.25,60.25
Plevna,44.9618052,-76.98455279999999,76.25,92.25,115.0,102.75,105.5,103.5,110.0,106.25,90.5,81.0,54.75,60.25
Sharbot Lake,44.770698700000004,-76.69011440000001,75.75,91.5,114.25,102.75,105.5,104.25,110.75,106.25,90.5,81.5,54.75,60.25
Arden,44.72075220000001,-76.924124,75.75,91.25,113.5,101.5,105.25,104.0,111.5,107.0,91.0,82.0,55.0,60.0
Parham,44.656075799999996,-76.71618740000001,75.0,90.25,112.5,101.75,105.5,104.75,111.5,106.75,91.0,82.25,55.0,59.5
Verona,44.47848870000001,-76.69582840000001,75.0,90.25,112.5,101.0,105.25,104.25,111.5,106.75,91.0,82.25,55.0,59.75
Sydenham,44.4090269,-76.5961339,74.75,89.75,111.25,100.25,105.25,104.75,112.25,106.5,91.25,82.5,55.25,59.25
Battersea,44.431771600000005,-76.38408270000001,74.5,89.0,110.75,100.0,105.25,104.75,112.25,106.0,91.25,82.25,55.25,59.25
Inverary,44.387330600000006,-76.4728482,74.75,90.0,111.75,99.75,105.25,104.75,112.25,106.25,91.75,82.75,55.5,59.5
Harrowsmith,44.4040881,-76.6655313,74.5,89.0,110.75,99.5,105.25,104.75,112.25,106.0,91.75,82.75,55.25,59.25
Kingston,44.230686999999996,-76.481323,74.5,89.0,110.75,100.0,105.25,104.75,112.25,106.0,91.5,82.25,55.25,59.25
Marysville,44.1935658,-76.44010899999999,73.75,88.5,109.75,99.25,105.5,104.75,112.25,106.5,92.25,83.25,55.5,59.0
Odessa,44.276984000000006,-76.722712,73.5,88.5,109.75,99.25,105.75,104.75,112.0,106.75,93.0,83.5,55.75,59.0
Camden East,44.335384999999995,-76.833312,73.75,88.25,109.75,99.5,105.5,104.75,112.25,106.75,92.25,83.25,55.25,59.0
Yarker,44.3715842,-76.7702798,73.75,88.25,109.75,100.0,105.5,104.75,112.25,107.0,92.25,83.25,55.25,59.0
Enterprise,44.462199600000005,-76.8788173,74.25,88.75,110.5,100.0,105.25,104.75,112.25,106.75,92.25,83.25,55.25,59.0
Deseronto,44.195005,-77.04986600000001,74.5,89.0,111.0,100.5,105.5,104.75,112.25,106.75,91.75,82.75,55.25,59.25
Roblin,44.250707500000004,-76.92654809999999,73.0,87.0,108.75,100.0,106.5,105.5,112.25,107.75,93.25,84.25,55.25,58.75
Tamworth,44.4870643,-76.9945132,73.75,88.0,110.0,100.25,106.25,104.75,112.25,106.75,92.25,83.25,55.25,59.0
Kaladar,44.647651,-77.12162,74.5,88.75,111.0,101.0,106.0,105.0,112.25,106.75,92.25,83.25,55.25,59.25
Flinton,44.69077070000001,-77.2066152,74.75,89.25,112.0,101.75,106.0,105.0,112.25,106.75,91.25,82.5,54.75,59.25
Northbrook,44.7337348,-77.1581046,74.75,89.25,112.0,102.0,106.25,105.0,112.0,106.5,91.25,82.5,54.75,59.25
Cloyne,44.8184017,-77.18588709999999,74.75,89.75,112.0,102.0,105.75,104.5,111.5,106.5,91.0,82.25,54.5,59.25
White Lake,45.354962799999996,-76.4912552,74.75,89.75,112.25,102.5,105.75,104.25,111.5,106.25,90.5,81.5,54.5,59.25
Calabogie,45.30218,-76.725769,78.0,95.0,118.25,104.5,106.0,103.5,109.25,106.0,91.5,80.25,55.25,61.25
Renfrew,45.4720417,-76.68386170000001,77.5,95.0,118.0,104.5,106.5,103.75,110.0,106.75,91.5,80.5,55.0,61.0
Douglas,45.5083499,-76.9384169,78.25,95.5,119.25,105.25,106.5,103.5,109.75,106.25,91.5,79.75,55.0,61.25
Griffith,45.2416922,-77.1718003,78.0,95.0,119.25,105.5,106.5,103.5,109.75,105.75,90.5,79.5,54.75,61.25
Cobden,45.6279178,-76.8802562,76.5,93.25,116.75,104.5,106.5,103.75,109.75,106.0,90.5,80.25,54.75,60.5
Foresters Falls,45.6806698,-76.78527259999998,78.25,96.0,119.75,105.5,106.25,103.0,109.5,105.25,90.0,78.5,54.5,61.25
Beachburg,45.732855900000004,-76.8559063,78.25,96.0,119.75,105.5,105.75,103.0,109.0,104.75,89.75,78.0,54.5,61.25
Westmeath,45.8197719,-76.89026690000001,78.25,96.0,120.25,106.0,105.75,102.75,108.5,104.5,89.5,77.75,54.25,61.25
Pembroke,45.8209741,-77.1115433,78.5,96.25,120.75,106.25,105.75,102.5,108.75,104.5,88.75,77.0,53.75,61.5
Petawawa,45.8866349,-77.2654786,78.25,96.0,120.75,106.75,106.0,102.75,108.75,104.75,88.75,77.25,53.75,61.25
Chalk River,46.0872256,-77.62652059999999,78.25,96.0,120.75,107.25,106.0,102.25,108.0,104.5,87.75,76.75,53.75,61.25
Deep River,46.101328,-77.487602,78.0,96.0,121.0,107.75,106.0,102.0,107.5,104.25,87.25,76.0,52.75,61.25
Rolphton,46.1770206,-77.6945748,78.0,96.25,121.25,108.25,106.0,101.5,107.0,104.0,87.0,75.75,52.75,61.25
Deux-Rivi√®res,48.5841682,-91.4585804,77.75,96.0,121.0,108.75,106.0,101.5,106.75,103.5,86.0,75.0,52.25,61.0
Eganville,45.5406943,-77.1004317,76.75,95.0,120.75,109.0,106.75,101.5,105.75,102.75,85.0,74.0,51.5,60.25
Foymount,45.4355238,-77.30652109999998,77.5,95.0,119.0,105.5,106.5,103.25,109.5,105.5,89.75,78.75,54.5,61.0
Combermere,45.3631614,-77.61829709999999,76.5,93.25,117.5,105.0,105.75,102.5,108.5,104.25,88.75,78.25,53.75,60.5
Palmer Rapids,45.3122289,-77.50729040000002,76.25,92.5,117.25,105.25,106.5,102.75,108.75,105.25,89.0,78.75,53.75,59.75
Quadeville,45.31393320000001,-77.3786463,76.25,92.5,117.0,104.75,106.5,103.25,109.25,105.5,89.5,79.5,53.75,59.75
Maynooth,45.231604,-77.9377476,76.25,93.0,116.75,104.5,106.5,103.25,109.25,105.25,89.5,79.5,54.0,60.25
Lake St. Peter,45.2970771,-78.036383,74.75,90.75,116.0,105.5,106.5,102.75,108.25,104.0,88.5,79.0,52.75,58.75
Bancroft,45.058244,-77.851524,74.75,90.75,116.0,105.5,106.5,102.75,108.25,103.75,88.0,78.5,52.75,58.5
Cardiff,45.056586200000005,-78.2084905,74.75,89.75,114.75,104.75,106.5,103.25,109.25,104.25,89.5,79.75,53.5,58.5
Coe Hill,44.862012299999996,-77.83530879999999,73.75,89.0,114.0,104.5,106.5,103.5,109.25,104.25,89.5,79.75,52.75,58.0
Bannockburn,47.982561700000005,-80.9236025,73.75,88.75,113.0,104.0,106.75,104.0,110.0,105.0,90.5,81.5,53.5,58.0
Actinolite,44.5429758,-77.3259803,73.75,88.75,111.75,102.75,107.0,105.0,112.0,105.75,91.5,82.5,54.5,58.75
Roslin,44.3512386,-77.333737,74.25,88.75,111.0,101.75,106.75,105.0,112.25,106.75,92.25,83.25,55.0,59.0
Belleville,44.163326399999995,-77.3852556,73.5,87.5,109.75,101.25,107.0,105.75,113.0,107.0,93.0,83.75,55.25,58.75
Foxboro,43.844691,-79.45858299999999,72.5,86.5,108.0,100.25,107.25,105.75,113.0,107.75,93.75,84.25,55.25,58.0
Stirling,44.2963945,-77.5485522,73.0,86.75,108.75,101.0,107.25,105.75,113.0,107.25,93.25,84.25,55.25,58.5
Madoc,44.58180005,-77.50766798,73.0,86.75,109.5,101.25,107.75,105.75,113.25,107.0,93.25,84.25,55.25,58.25
Deloro,44.4976125,-77.629067,73.75,88.0,111.0,102.25,107.25,105.5,112.75,106.5,92.25,83.5,55.0,58.75
Marmora,44.4830208,-77.6834884,73.75,87.75,111.0,102.25,107.5,105.25,112.25,106.0,92.25,83.25,54.75,58.5
Waupoos,44.002323100000005,-76.99898449999999,73.5,87.75,110.75,102.25,107.5,105.75,112.25,106.0,92.75,83.5,54.75,58.25
Picton,44.008866999999995,-77.14016,72.5,86.0,107.75,99.25,106.5,105.5,112.0,108.0,94.0,84.5,55.5,58.5
Cherry Valley,43.935939700000006,-77.1539488,72.25,85.5,107.5,99.25,106.75,105.5,112.0,108.0,94.0,84.5,55.25,58.25
Demorestville,44.092872899999996,-77.2067814,71.75,85.5,106.75,99.25,107.0,105.5,112.0,108.0,94.0,84.75,55.5,57.75
Rossmore,42.9512859,-81.25360079999999,72.5,86.0,107.75,99.5,107.0,105.5,112.0,107.75,94.0,84.25,55.25,58.5
Ameliasburg,44.0591203,-77.4349042,72.5,86.0,107.75,100.25,107.25,105.75,113.0,107.75,93.75,84.25,55.25,57.75
Batawa,44.1724181,-77.59620340000001,72.25,85.5,107.0,100.0,107.25,105.75,112.75,107.75,93.75,84.25,55.25,57.75
Frankford,44.202542799999996,-77.59488979999999,72.5,86.0,107.75,100.25,107.25,106.0,113.25,107.25,93.25,84.25,54.75,57.75
Campbellford,44.3085912,-77.798084,72.5,86.25,107.75,100.5,107.25,105.75,113.25,107.0,93.25,84.25,55.0,57.75
Warkworth,44.201763299999996,-77.8860894,72.5,86.5,109.0,101.5,107.75,105.75,113.0,106.0,93.0,83.75,54.5,57.75
Colborne,44.0050196,-77.88797890000001,72.0,85.5,107.75,101.25,107.25,105.5,113.0,106.25,93.0,83.5,54.5,56.75
Grafton,43.9920499,-78.0258598,71.25,84.75,105.75,100.25,107.25,105.5,113.25,107.0,93.0,84.25,54.5,56.75
Havelock,44.4342364,-77.8853687,70.75,84.5,105.75,100.25,107.25,105.5,112.75,106.75,93.0,84.25,54.5,56.25
Norwood,44.3818091,-77.9798045,72.5,86.75,110.0,102.25,107.5,105.5,112.25,105.75,92.75,83.25,54.5,57.75
Apsley,44.7556176,-78.08982940000001,72.5,86.25,109.75,102.25,107.5,105.5,112.0,105.5,92.75,83.25,54.5,56.75
Madawaska,45.501476200000006,-77.9918074,72.75,87.75,112.0,103.75,106.75,104.0,110.5,104.75,90.75,81.5,53.5,57.0
Whitney,45.4931252,-78.2386365,75.75,92.5,118.75,106.75,107.25,103.0,108.25,103.75,87.75,78.0,52.75,59.25
Eagle Lake,45.797270000000005,-79.49713879999999,74.75,91.25,117.25,106.5,107.0,102.75,107.5,103.5,87.0,77.0,51.75,58.25
Gooderham,44.9071563,-78.3793519,71.75,87.5,112.5,104.5,105.5,102.75,107.5,103.25,87.5,77.5,51.0,56.25
Kinmount,44.78324,-78.652472,71.75,86.75,112.0,104.0,106.5,103.5,109.0,103.75,89.25,79.5,51.75,56.75
Norland,44.7269565,-78.8113915,70.0,85.75,111.0,104.0,106.5,103.75,109.0,104.0,89.5,80.5,51.5,55.0
Bobcaygeon,44.537924,-78.546538,69.0,84.75,110.0,103.75,107.0,104.0,109.25,104.0,89.5,80.5,51.5,54.5
Curve Lake,44.462011700000005,-78.372838,70.5,85.0,110.0,103.25,107.25,104.75,110.5,104.25,91.25,82.5,52.5,55.0
Lakefield,44.4233365,-78.27219529999999,71.0,85.5,109.75,103.25,107.25,104.75,110.75,104.5,92.25,83.25,53.5,55.75
Dunsford,44.4516503,-78.642599,71.5,85.5,109.75,103.25,107.25,105.0,111.0,104.75,92.25,83.25,53.5,56.0
Ennismore,44.4106984,-78.431718,69.75,84.5,109.0,103.25,107.25,104.75,110.5,104.25,91.25,82.75,52.5,54.75
Peterborough,44.3048009,-78.31994959999999,70.75,85.0,109.0,103.25,107.0,104.75,110.75,104.25,92.25,83.25,53.5,55.5
Omemee,44.2993351,-78.5605047,70.75,85.0,108.75,102.5,107.0,105.0,111.25,104.75,92.75,83.25,53.5,55.75
Keene,44.2415629,-78.1620568,69.75,84.0,108.0,102.5,107.0,104.75,110.75,104.5,92.25,83.25,53.5,54.75
Hiawatha,45.8594505,-78.7210475,71.25,85.0,108.0,101.75,107.0,105.25,111.75,105.0,93.0,83.25,54.0,56.0
Harwood,43.677044,-79.4761512,70.75,84.75,107.5,101.5,107.0,105.0,112.0,105.25,93.0,83.25,53.75,55.75
Bewdley,44.088843,-78.32101309999999,70.75,84.5,106.75,101.25,107.0,105.0,112.0,105.75,93.0,83.25,54.25,55.75
Cobourg,43.963909,-78.16909799999999,70.25,83.75,106.25,101.0,107.0,104.75,111.75,105.5,92.75,83.25,53.5,55.25
Port Hope,43.951058,-78.292007,70.5,83.75,105.75,100.5,107.5,105.5,112.75,107.0,93.0,84.25,54.5,55.75
Fraserville,44.2036567,-78.38701929999999,69.75,83.75,105.25,100.5,107.25,105.0,112.25,106.5,93.0,84.0,54.0,55.25
Millbrook,44.1523666,-78.4597541,70.25,84.0,107.75,102.0,107.0,105.0,111.25,105.0,92.75,83.25,53.5,55.25
Bethany,44.1825847,-78.5667944,69.75,83.75,107.0,101.5,107.0,104.75,111.25,105.0,92.25,83.25,53.5,55.0
Pontypool,44.101744700000005,-78.63082309999999,69.5,83.75,107.0,102.0,106.5,104.75,110.75,104.75,92.25,83.25,53.5,54.75
Janetville,44.2144316,-78.72439140000002,68.75,83.0,106.0,101.5,106.0,104.25,110.5,104.75,92.0,83.0,53.5,54.0
Lindsay,44.3693341,-78.7380996,68.75,83.25,107.25,102.25,106.5,104.75,110.5,104.25,92.0,82.25,53.5,54.0
Cambray,44.4116251,-78.82476770000001,69.0,84.0,108.25,103.0,107.0,104.75,110.75,104.25,91.75,82.25,52.5,54.0
Woodville,44.3983286,-78.9893904,68.75,83.75,108.5,103.25,107.0,104.5,110.25,104.0,91.25,82.25,52.5,54.0
Oakwood,43.682725500000004,-79.43805479999999,67.75,83.0,108.0,103.25,107.0,104.5,109.75,103.75,91.25,82.25,52.5,53.0
Little Britain,44.2855468,-78.8599597,68.5,83.25,108.0,103.25,106.75,104.5,110.25,104.0,91.75,82.25,52.5,53.5
Wellington,43.75901210000001,-80.46149940000001,68.5,83.0,107.75,103.0,106.5,104.5,110.25,104.25,92.0,82.25,52.5,53.5
Oshawa,43.91768,-78.862953,71.75,85.0,106.75,99.25,107.25,105.75,112.0,108.0,94.0,84.75,55.25,57.75
Whitby,43.899871000000005,-78.940201,67.75,81.75,104.25,100.75,106.25,104.75,111.0,105.5,92.5,83.25,53.5,53.0
Uxbridge,44.107556,-79.127655,67.25,81.75,104.0,101.0,106.25,105.25,110.75,105.5,93.0,83.25,53.5,52.5
Leaskdale,44.204705700000005,-79.16121170000001,67.0,82.0,106.0,102.5,106.0,104.5,109.75,104.0,92.25,82.25,52.5,52.25
Sunderland,44.263396,-79.0662,67.0,82.25,107.0,103.0,106.5,104.5,109.75,103.75,92.0,82.25,52.5,52.0
Cannington,44.350206799999995,-79.038628,67.5,82.75,107.25,103.0,106.5,104.5,109.75,103.75,92.0,82.25,52.5,53.0
Manilla,44.3083914,-78.9889507,67.5,83.0,108.0,103.25,107.0,104.5,110.0,103.75,91.25,82.25,52.5,53.0
Pefferlaw,44.3130459,-79.2039423,67.75,83.0,107.75,103.0,106.5,104.5,109.75,103.75,91.75,82.25,52.5,53.0
Beaverton,44.4296227,-79.15501929999999,66.75,82.75,107.75,103.5,106.75,104.5,109.75,103.75,91.25,81.5,52.5,52.0
Mount Albert,44.1372419,-79.3090669,67.0,83.0,108.0,103.5,107.0,104.5,109.75,103.5,91.0,81.25,51.5,52.5
Queensville,44.138886,-79.450536,66.25,81.75,106.0,103.0,106.0,104.5,109.25,103.75,92.25,82.25,52.5,51.5
Sharon,42.8935135,-81.35145870000001,65.5,81.5,106.0,103.0,106.0,104.25,108.75,103.75,92.25,82.0,52.5,51.0
Alcona,50.0640281,-91.734021,65.5,81.25,105.75,103.0,106.0,104.5,108.75,103.75,93.0,82.25,52.5,51.0
Everett,44.1956091,-79.93774599999999,64.75,81.75,107.25,104.0,107.0,104.25,109.25,103.75,91.25,81.25,51.5,50.5
Baxter,43.61086875,-79.7523238,62.5,80.75,106.25,104.25,106.25,104.25,109.25,104.0,91.25,81.5,51.5,49.5
Borden,43.4423514,-80.4751159,63.5,81.25,107.0,104.5,107.0,104.25,109.25,104.25,91.25,81.25,51.5,49.5
Lisle,44.2526753,-80.0111453,63.0,81.25,107.0,104.5,107.0,104.25,109.25,104.25,91.0,81.25,51.5,49.5
Angus,44.3248565,-79.8883585,62.25,80.75,107.0,104.5,106.75,104.25,109.25,104.25,91.0,81.25,51.5,49.25
Creemore,44.327104,-80.10841490000001,62.75,81.25,107.25,105.0,107.25,104.25,109.5,104.25,90.75,81.25,51.5,49.5
Elmvale,44.584791499999994,-79.8638437,61.25,80.25,107.0,105.0,106.75,104.25,108.75,104.0,90.25,80.5,50.75,48.75
Brechin,44.5467964,-79.17624350000001,62.5,81.0,109.0,105.25,107.0,104.0,108.75,104.0,88.75,79.75,50.5,49.5
Orillia,44.604157,-79.425659,66.5,83.0,108.5,104.0,107.25,104.25,109.5,103.0,90.25,80.75,51.5,52.25
Hawkestone,44.497137200000004,-79.46743640000001,65.25,82.0,109.0,104.25,107.25,104.0,109.0,103.25,89.0,79.75,50.5,51.5
Midhurst,44.447585600000004,-79.733624,64.75,82.0,108.5,104.25,107.0,104.0,109.0,103.25,89.5,80.25,50.75,51.0
Barrie,44.389311299999996,-79.6901736,63.5,81.25,108.0,104.5,107.0,103.75,108.75,103.75,89.75,80.25,50.75,50.25
Anten Mills,44.49252,-79.8121,63.75,81.5,108.0,104.5,107.0,104.0,109.0,103.75,90.25,80.5,51.5,50.5
Phelpston,44.518002,-79.8468118,62.75,81.25,108.5,105.25,107.0,104.0,108.75,104.0,89.25,80.25,50.75,49.5
Wyevale,44.654006700000004,-79.92643709999999,62.5,81.0,108.75,105.25,107.0,104.0,108.75,104.0,89.25,79.75,50.5,49.5
Stayner,44.4235944,-80.09057920000001,62.25,81.0,109.25,105.25,107.0,104.0,108.0,104.0,88.5,79.25,49.75,49.5
Collingwood,44.496505,-80.21701800000001,61.25,80.25,108.0,105.25,107.25,104.5,108.75,104.25,89.5,80.25,50.75,48.75
Singhampton,44.3494984,-80.25297090000001,60.25,80.25,108.0,106.0,107.25,104.5,108.75,104.75,89.25,80.25,50.5,48.25
Honeywood,44.22293079999999,-80.1878032,59.75,78.5,105.25,104.25,105.5,103.5,107.75,102.25,89.25,79.5,49.75,47.75
Dundalk,44.1691536,-80.3965759,60.25,78.75,104.5,104.25,105.25,103.75,107.75,102.75,90.0,80.25,50.75,48.5
Maxwell,44.52802979999999,-80.9817851,58.75,78.0,103.75,104.25,104.5,103.25,107.75,102.25,89.25,80.25,50.5,47.75
Eugenia,44.3121266,-80.519217,58.75,78.0,104.5,104.5,105.25,103.5,107.75,102.25,89.0,79.5,49.75,47.75
Flesherton,44.2610602,-80.5457496,57.75,78.0,105.0,105.0,105.25,103.5,107.75,102.5,88.25,79.5,49.75,46.75
Blue Mountains,44.4992906,-80.34179240000002,57.5,77.75,104.5,105.0,105.0,103.25,107.75,102.25,88.25,79.5,49.75,46.75
Meaford,44.608655999999996,-80.59146,58.75,79.5,108.5,106.5,108.25,104.75,108.75,105.25,89.0,80.25,49.75,47.75
Walters Falls,44.489052,-80.7072156,58.25,79.5,108.5,106.5,108.25,105.0,108.75,105.0,88.5,79.75,49.75,46.75
Berkeley,44.3669375,-80.7272504,57.25,78.25,107.0,106.25,107.25,104.5,108.25,104.0,88.25,79.25,49.5,46.25
Williamsford,44.3794351,-80.87162020000001,56.5,77.5,105.5,105.25,105.5,103.5,107.75,102.25,88.25,79.25,49.25,46.25
Chatsworth,44.4560807,-80.8978758,56.25,77.75,106.0,105.75,106.25,104.25,108.25,103.0,88.25,79.5,49.75,46.0
Markdale,44.318690000000004,-80.648575,56.25,77.75,106.5,106.25,107.25,104.5,108.5,103.25,88.25,79.25,49.5,45.75
Priceville,44.2060811,-80.6262588,57.25,77.75,105.0,105.25,105.0,103.5,107.75,102.0,88.25,79.25,49.5,46.75
Durham,44.0310471,-78.949678,57.25,77.75,104.5,104.75,104.5,103.0,107.75,102.0,88.25,79.5,49.75,46.75
Conn,43.997741600000005,-80.5694886,56.25,77.75,104.75,105.25,105.25,104.0,108.25,102.75,89.25,80.5,50.25,46.5
Holstein,44.0596688,-80.7600813,58.25,77.75,103.0,104.0,104.0,103.25,107.75,102.25,90.0,81.25,50.75,47.5
Ayton,44.053667700000005,-80.92563630000001,57.25,77.75,104.0,104.75,104.25,103.25,108.0,102.25,89.25,81.0,50.5,46.75
Neustadt,44.079693,-80.999622,56.25,77.75,104.5,105.25,105.25,104.25,108.5,102.75,89.25,81.25,50.75,46.5
Hanover,44.150062,-81.02400899999999,56.25,77.75,105.0,105.25,105.75,104.5,108.75,102.75,89.25,81.25,50.75,46.25
Mildmay,44.0427744,-81.1177723,56.25,77.75,105.25,105.75,106.25,104.75,109.0,103.25,89.25,81.0,50.5,46.25
Teeswater,43.9981333,-81.28661290000001,56.25,77.75,104.5,105.5,106.0,104.75,108.75,102.75,89.25,81.25,50.75,46.25
Formosa,44.0432585,-81.23530759999998,56.25,77.5,105.0,105.5,106.25,105.0,109.75,102.75,89.75,81.25,50.75,46.0
Walkerton,44.134084,-81.152999,56.0,77.5,105.0,105.75,106.25,105.0,109.25,102.75,89.25,81.0,50.75,46.0
Chepstow,42.9978677,-81.2844879,55.75,77.75,105.5,106.0,107.0,105.0,109.25,103.25,89.25,81.0,50.75,46.0
Elmwood,44.2414135,-81.05601440000001,55.5,77.25,105.5,106.0,107.25,105.25,109.5,103.25,89.25,81.0,50.75,45.5
Chesley,44.2969355,-81.09394809999999,55.5,77.75,105.5,106.0,106.5,104.75,108.75,103.0,89.0,80.25,50.0,45.75
Paisley,44.304507,-81.2695089,55.5,77.75,106.0,106.25,107.25,105.0,109.0,103.25,89.0,80.25,49.75,45.5
Ripley,44.071183700000006,-81.5755462,55.5,77.75,106.5,107.0,108.0,105.75,109.5,104.25,89.25,80.5,50.5,45.25
Tiverton,44.267641,-81.54336500000001,56.25,77.75,106.25,106.0,108.0,106.0,110.0,103.75,90.0,81.25,51.25,45.5
Port Elgin,44.440701000000004,-81.384901,56.25,77.75,107.0,107.0,109.0,106.25,109.75,104.0,89.25,81.25,50.75,45.25
Chippawa Hill,43.058955100000006,-79.05081729999999,56.25,78.25,107.5,107.25,109.0,106.25,110.0,104.25,89.25,80.25,50.0,45.25
Allenford,44.5364172,-81.1810222,56.25,78.5,108.5,107.25,109.0,106.25,109.75,104.75,89.0,80.25,49.75,45.25
Owen Sound,44.5668092,-80.9441252,56.25,78.5,108.0,107.25,108.75,105.75,109.25,104.25,88.5,79.75,49.75,45.25
Shallow Lake,44.614962299999995,-81.0903863,56.25,78.5,108.0,106.75,108.25,105.0,108.75,104.25,88.25,79.25,49.5,45.75
Sauble Beach,44.632627,-81.26792900000001,56.25,78.75,108.5,107.25,108.5,105.25,109.25,104.25,88.0,79.25,49.25,45.25
Oliphant,44.7296536,-81.26207609999999,56.25,79.25,109.0,107.5,109.25,106.0,109.75,104.75,88.5,79.75,49.75,45.25
Wiarton,44.744029,-81.14042380000001,57.0,79.5,110.0,107.75,109.25,106.0,109.75,105.0,88.25,79.25,49.5,45.25
Red Bay,44.80327,-81.28243,57.0,79.5,110.0,107.5,109.25,106.0,109.5,105.0,87.5,78.75,49.25,45.75
Lion's Head,45.9679312,-81.6161637,57.25,80.25,110.5,108.0,109.75,106.0,109.75,105.0,88.0,78.75,49.25,45.75
Tobermory,45.2566537,-81.66599570000001,58.5,81.25,112.25,109.0,110.25,106.0,110.0,105.25,87.75,78.5,49.25,46.5
Coldwater,44.7097402,-79.6439762,61.25,83.75,115.0,110.5,111.25,107.0,110.5,106.0,88.5,78.5,50.0,47.25
Port McNicoll,44.7533499,-79.8081005,63.75,82.0,110.0,105.25,107.25,103.75,108.25,104.0,88.0,78.75,50.0,50.75
Midland,44.750147,-79.885712,62.75,82.0,110.0,105.25,107.25,103.75,108.25,104.0,87.5,78.5,49.75,50.25
Penetanguishene,44.768674,-79.93480699999999,62.75,81.5,110.0,105.5,107.25,103.75,108.25,104.0,87.5,78.5,49.75,49.75
Honey Harbour,44.8739609,-79.8116047,62.5,81.25,110.0,105.75,107.25,103.75,108.0,104.0,87.5,78.25,49.75,49.5
Gravenhurst,44.91741,-79.373131,63.75,82.0,111.0,105.75,107.25,103.75,108.25,104.0,87.0,77.75,49.5,50.5
Bala,45.0174549,-79.6171822,66.5,84.0,111.25,104.5,106.5,103.5,107.25,104.0,86.75,77.0,49.75,52.75
Bracebridge,45.041508,-79.310989,65.5,83.25,111.75,105.5,106.5,103.25,107.25,103.25,86.0,76.25,49.5,51.75
Milford Bay,45.0742281,-79.4830047,67.5,84.75,112.25,104.75,106.0,103.0,107.25,103.5,86.25,76.5,49.75,53.0
Port Carling,45.117222600000005,-79.57615179999999,66.5,84.0,112.25,105.5,106.0,103.0,106.75,103.25,85.75,75.75,49.25,52.75
MacTier,45.13626420000001,-79.76922359999999,66.5,84.0,112.25,105.75,106.5,103.0,107.25,103.25,85.75,75.75,49.25,52.25
Rosseau,45.256623600000005,-79.63936190000001,64.75,83.25,112.25,106.5,106.5,103.0,107.5,102.75,85.5,75.5,49.0,51.75
Baysville,45.1477208,-79.1159828,66.5,84.5,113.25,106.5,106.5,102.75,107.0,102.5,84.75,75.0,49.0,52.75
Dorset,45.2438734,-78.8935012,68.5,85.75,112.25,105.25,105.75,102.75,106.75,102.75,85.75,75.75,49.75,54.0
Hillside,42.8650627,-79.1351774,70.0,86.5,112.5,105.25,105.5,102.25,106.5,102.0,85.75,75.5,50.0,55.25
Huntsville,45.32775720000001,-79.2167067,70.0,86.75,114.25,106.25,106.0,102.5,106.75,102.0,85.25,75.0,49.5,54.75
Sprucedale,45.4898118,-79.46340119999999,69.0,86.25,113.5,106.25,106.0,102.75,107.0,102.5,85.25,75.0,49.5,54.5
Kearney,45.556371999999996,-79.22515899999999,68.5,86.25,114.25,107.0,106.0,102.25,106.75,101.25,84.0,74.0,49.0,54.25
Cedar Croft,45.64159179999999,-79.7139876,70.0,87.5,115.25,107.25,106.75,102.0,106.5,101.25,84.0,74.0,49.25,55.25
Orrville,45.3810599,-79.7783776,68.5,86.75,115.25,107.5,106.0,102.0,106.75,101.25,83.25,73.0,49.0,54.0
Parry Sound,45.667527899999996,-80.10552840000001,66.5,84.75,113.25,106.75,106.5,102.75,107.0,101.75,84.25,74.0,49.0,52.75
Nobel,45.412193200000004,-80.08575079999999,64.75,84.0,113.5,107.5,106.75,103.0,107.5,102.75,84.75,74.75,49.0,51.75
Loring,45.932868299999996,-79.9944696,65.5,84.5,114.25,107.5,107.0,103.25,107.5,102.75,84.75,74.5,49.0,51.75
Sundridge,45.7659678,-79.40040390000001,70.25,89.0,118.25,109.25,106.75,102.5,106.75,102.0,83.0,73.25,49.0,55.0
South River,45.840143299999994,-79.27361579999999,71.0,89.0,116.25,107.75,106.25,101.25,105.75,100.75,83.0,73.0,49.0,55.75
Trout Creek,43.254119200000005,-81.0205436,71.75,89.25,116.75,108.0,106.25,101.25,105.25,100.5,82.5,73.0,49.0,56.0
Powassan,46.081804,-79.362488,72.75,90.75,118.0,108.75,106.25,100.75,104.5,100.25,82.0,72.75,49.25,57.0
Pelee Island,41.817115799999996,-82.6457748,73.75,91.5,118.75,109.0,106.25,100.75,105.0,100.75,82.25,72.75,49.75,57.25
Colchester,41.985525,-82.932358,69.0,81.0,97.0,101.25,111.25,108.5,112.0,107.75,102.25,94.5,62.25,55.0
Harrow,42.035586,-82.9183594,69.0,81.0,97.75,101.5,112.0,108.5,111.5,107.75,100.75,93.5,61.25,54.75
Amherstburg,42.1013379,-83.10863549999999,68.5,80.75,97.75,101.5,111.75,108.75,111.25,107.75,100.25,93.25,61.25,54.25
LaSalle,42.236652,-83.095093,69.0,81.75,99.25,102.25,112.25,108.75,111.25,108.25,100.5,93.25,61.5,54.75
Windsor,42.30423,-83.029861,68.5,81.75,99.75,102.25,112.25,108.75,111.0,108.5,100.25,93.0,61.25,54.25
Maidstone,42.2094717,-82.8874849,68.25,81.75,100.5,102.5,112.25,108.75,110.75,108.5,99.75,92.25,61.0,53.75
Essex,42.23541420000001,-82.71201059999999,68.0,81.25,98.75,102.25,112.0,108.75,111.0,108.25,99.75,92.5,61.0,54.0
Cottam,42.1284542,-82.7441915,68.0,81.0,98.5,102.0,112.0,108.75,111.0,108.25,99.75,92.5,61.0,54.0
Wheatley,42.0947456,-82.4624556,68.0,80.75,98.0,101.75,112.0,108.75,111.25,108.25,100.0,93.25,61.0,54.25
Belle River,42.1323936,-82.7117269,67.5,80.75,97.75,102.25,112.0,109.0,112.25,108.75,100.5,93.5,60.75,53.75
Stoney Point/Pointe-aux-Roches,42.27662,-82.65446,67.5,81.25,99.5,102.5,112.0,108.75,111.0,108.5,99.5,92.25,60.5,53.5
Tilbury,42.2607964,-82.43249890000001,67.25,81.25,99.5,102.5,112.0,108.75,111.5,108.75,99.5,92.5,60.25,53.5
Merlin,42.240918,-82.2313623,67.25,81.0,99.0,102.5,112.0,108.75,111.75,108.75,100.0,93.25,60.25,53.5
Dealtown,42.2510112,-82.1063963,66.5,81.25,98.75,103.0,112.25,109.0,112.25,108.75,100.5,93.25,60.25,53.25
Erieau,42.261404999999996,-81.9299864,66.25,80.75,98.5,102.5,111.5,108.5,111.75,108.0,99.75,93.0,60.0,53.25
Blenheim,42.3344506,-81.99744840000001,65.5,80.0,97.5,101.5,110.0,107.5,110.75,107.0,99.25,92.0,59.25,53.0
Chatham,42.405207,-82.191467,65.5,80.25,97.75,101.5,110.0,107.5,110.5,106.5,98.5,91.75,59.0,52.5
Morpeth,42.3929975,-81.84302679999999,65.75,80.75,99.0,102.5,110.75,108.0,111.0,107.25,98.5,92.0,59.0,52.5
Ridgetown,42.4392133,-81.88707070000001,65.0,79.5,97.0,101.25,109.25,106.75,110.0,105.25,97.5,90.5,58.25,52.25
Thamesville,42.551806899999995,-81.9771193,65.0,79.75,97.25,101.5,109.25,106.75,109.75,105.25,97.25,90.5,58.0,52.25
Dresden,42.595175399999995,-82.1828842,64.25,79.75,98.25,101.75,109.25,106.75,110.0,105.75,97.0,90.0,58.0,51.75
Walpole Island,42.5673904,-82.4959679,65.0,80.25,99.5,102.5,110.25,107.25,110.25,107.0,97.25,90.5,58.25,52.0
Sombra,42.7148268,-82.47644659999999,66.0,81.25,101.5,102.5,111.25,108.0,111.0,108.25,97.75,91.25,59.0,52.25
Oil Springs,42.7838172,-82.126915,65.25,81.25,101.75,103.0,111.0,107.75,110.75,108.0,97.25,90.5,58.5,52.0
Brigden,42.8119213,-82.2828078,63.75,80.0,100.5,102.5,109.75,106.75,110.25,107.0,96.25,89.0,57.25,51.25
Petrolia,42.882002,-82.149582,64.25,80.75,101.5,102.75,110.5,107.25,110.5,107.5,96.5,89.5,57.5,51.25
Corunna,42.8885911,-82.45330140000002,63.5,80.25,101.0,102.75,110.0,107.0,110.25,107.25,95.5,88.5,57.0,50.75
Sarnia,42.992595,-82.380981,64.75,81.75,103.0,103.5,111.25,107.5,110.75,108.25,96.5,89.5,58.0,51.25
Wyoming,42.949296999999994,-82.1187333,64.25,81.75,103.25,103.5,111.25,107.25,110.75,108.25,95.75,88.75,57.25,50.75
Watford,42.9480988,-81.8802713,63.0,80.25,101.75,102.75,109.75,107.0,110.25,107.25,95.25,88.0,56.25,50.25
Arkona,43.0734025,-81.83403359999998,62.0,79.25,100.0,102.5,108.5,107.0,109.5,106.0,94.75,87.5,55.75,50.0
Forest,44.368184899999996,-76.6182297,61.5,79.25,101.0,102.75,108.5,107.0,109.25,106.25,93.75,86.5,55.25,49.5
Kettle Point,43.17924420000001,-82.0183247,62.0,80.0,102.25,102.75,109.5,107.0,109.75,106.75,93.75,86.5,55.75,49.75
Thedford,43.163939299999996,-81.8529319,62.0,80.25,103.5,103.75,109.5,107.0,109.75,107.25,93.25,86.25,55.5,49.5
Ipperwash Beach,43.209142,-82.0095213,61.25,79.5,102.25,103.0,108.5,107.0,109.25,106.5,92.75,85.75,55.25,49.25
Zurich,43.4211838,-81.62483859999999,61.5,80.0,103.5,103.5,109.5,107.0,109.5,107.0,92.75,85.75,55.25,49.25
Bayfield,43.5609982,-81.6959031,59.25,78.75,102.25,103.5,107.75,106.25,109.25,105.5,91.0,84.0,53.25,47.75
Goderich,43.740705,-81.707726,59.25,79.25,104.25,104.25,107.75,106.75,109.5,105.25,91.0,83.5,53.25,47.5
Port Albert,43.8766752,-81.71527950000001,58.25,79.75,105.25,105.0,108.0,106.5,110.25,104.5,91.0,83.0,52.5,47.0
Clifford,43.9700865,-80.9752464,57.25,79.0,106.25,106.0,108.5,106.5,110.5,104.5,90.75,82.25,52.25,46.25
Fordwich,43.869329799999996,-81.03076949999999,56.25,77.75,104.0,105.0,105.0,104.0,108.5,102.5,89.75,81.5,50.75,46.5
Gorrie,43.8711909,-81.1092278,57.0,77.75,103.5,105.0,104.75,104.0,108.75,102.75,90.0,82.0,51.25,46.75
Wingham,43.886245,-81.31275,56.5,77.75,104.0,105.0,105.25,104.0,109.0,102.75,90.0,82.0,51.25,46.5
Belgrave,43.8162592,-81.3675207,56.25,77.75,104.25,105.0,106.0,105.0,109.75,102.75,90.0,81.75,51.25,46.25
Blyth,43.73659910000001,-81.42940240000001,56.75,77.75,104.25,105.0,106.0,105.0,109.5,103.0,90.0,82.0,51.5,46.25
Brussels,43.742577000000004,-81.248703,57.25,78.0,103.75,104.75,106.0,105.5,109.25,103.25,90.0,82.0,51.75,46.5
Clinton,43.617187,-81.539576,57.25,77.75,103.25,104.5,105.75,105.0,109.25,103.0,90.0,82.0,51.75,46.75
Seaforth,43.553432799999996,-81.3934183,58.25,78.5,103.25,104.0,107.0,106.25,109.5,104.5,90.75,83.0,52.5,47.25
Dublin,43.49840089999999,-81.2911804,58.25,77.75,102.25,103.75,106.75,105.75,109.0,104.5,90.5,83.0,52.5,47.25
Exeter,43.3436295,-81.4798184,58.25,77.5,101.25,103.0,106.0,105.75,108.5,104.5,90.75,83.0,52.5,47.5
Huron Park,43.289702,-81.487312,59.25,78.0,101.25,103.0,106.75,106.25,108.5,105.25,91.75,84.0,53.25,48.25
Granton,43.21797720000001,-81.30137140000001,59.25,78.0,100.75,103.0,106.75,106.25,108.5,105.25,91.75,84.25,53.5,48.5
Lucan,43.1878148,-81.40313559999998,59.25,77.5,99.25,102.0,106.0,105.5,108.25,104.5,92.75,84.75,53.5,48.5
Ailsa Craig,43.1470779,-81.53373509999999,60.0,77.5,99.25,102.0,106.0,105.5,108.5,104.5,92.75,85.0,54.25,48.5
Ilderton,43.0812001,-81.3751432,60.25,78.25,100.25,102.5,106.75,106.0,109.0,105.5,93.25,85.75,54.25,48.75
Parkhill,43.1622968,-81.68417420000002,60.25,77.5,98.25,101.75,106.25,105.5,108.5,104.5,93.5,85.75,54.25,49.0
Strathroy,42.9584644,-81.6232326,60.75,79.0,101.25,102.75,107.75,106.75,109.25,106.0,93.25,85.75,54.5,49.0
Mount Brydges,42.909710600000004,-81.49583359999998,61.25,78.5,99.0,101.75,107.75,106.0,109.5,105.25,95.25,87.25,55.25,49.5
Melbourne,42.81678,-81.552242,61.25,77.75,97.75,101.5,106.75,106.0,109.25,104.5,95.0,86.75,55.25,49.75
Glencoe,42.74878270000001,-81.710762,62.0,78.25,97.25,101.5,107.5,106.0,109.25,104.5,95.5,87.5,55.25,50.25
Newbury,42.684563,-81.7993229,62.5,78.5,97.75,101.5,107.5,106.0,109.5,105.0,96.0,88.0,56.25,50.5
Bothwell,42.6309355,-81.8707447,63.0,78.75,97.75,101.5,108.25,106.5,109.5,105.25,96.25,88.5,56.25,50.75
Rodney,42.5678104,-81.6805172,63.75,79.25,98.0,101.75,108.5,106.75,109.75,105.25,96.5,89.0,57.0,51.25
West Lorne,42.604778700000004,-81.6059303,63.25,78.5,96.75,100.75,107.5,106.0,109.25,104.25,96.5,89.0,57.0,51.25
Dutton,42.666281,-81.500015,63.0,78.5,96.5,100.75,107.5,106.0,109.25,104.25,96.25,88.5,56.25,51.25
Fingal,42.71274879999999,-81.3109968,62.5,77.75,96.25,100.75,107.25,105.25,109.25,104.0,96.0,88.0,56.25,50.75
Port Stanley,42.668647,-81.21495,62.0,77.5,95.5,100.75,106.75,105.0,109.0,103.5,95.5,87.5,55.25,50.5
St. Thomas,42.77928970000001,-81.1832518,62.25,77.5,95.0,100.75,106.5,104.75,108.75,103.5,95.5,87.5,55.5,50.5
Sparta,42.7024109,-81.0785281,61.75,77.5,95.5,100.75,105.75,104.75,108.25,104.0,95.0,86.75,55.25,50.25
Aylmer,42.773227,-80.98365799999999,62.0,77.5,94.75,100.5,105.75,104.5,108.25,104.0,95.25,86.75,55.25,50.5
Springfield,44.389438299999995,-76.2283276,61.75,77.5,94.75,100.5,105.5,104.5,108.0,104.25,94.75,86.5,55.25,50.5
London,42.988576,-81.246643,61.5,77.5,95.25,100.5,105.0,104.5,108.0,104.5,94.5,85.75,55.0,50.25
Thorndale,43.10540220000001,-81.140286,60.75,77.5,97.25,101.5,106.0,105.25,108.5,104.5,94.25,86.0,54.5,49.5
Dorchester,42.9886863,-81.0586953,60.25,77.5,98.25,101.5,105.5,105.25,107.5,104.5,93.5,85.25,54.25,49.0
Thamesford,43.059005600000006,-80.9961845,60.75,77.5,96.5,101.0,105.5,104.75,107.75,104.5,94.25,85.75,54.25,49.5
Ingersoll,43.037725,-80.88211,60.5,77.5,97.25,101.0,105.0,104.75,107.25,104.5,93.5,85.25,54.25,49.5
Mount Elgin,42.9585141,-80.7924714,60.75,77.5,96.25,101.0,105.0,104.5,107.25,104.5,93.5,85.25,54.25,49.75
Straffordville,42.7487157,-80.7778038,61.0,77.5,95.25,100.5,104.5,104.25,107.25,104.5,94.0,85.25,54.25,50.0
Tillsonburg,42.860363,-80.72273299999999,62.0,76.5,94.25,100.0,105.0,104.5,108.0,105.0,94.75,85.75,55.25,50.75
Otterville,42.9264946,-80.6034181,61.75,77.0,94.25,100.0,104.5,104.5,107.75,105.25,94.5,85.75,54.75,50.5
Norwich,42.987699,-80.59756,61.75,77.0,94.75,100.0,104.25,104.25,107.25,105.25,94.25,85.25,54.5,50.5
Sweaburg,43.067077000000005,-80.764718,61.5,77.5,95.25,100.5,104.0,104.0,107.25,105.0,93.75,85.0,54.25,50.25
Beachville,43.0906453,-80.82937729999999,60.75,77.5,96.25,101.0,104.25,104.0,106.5,104.25,93.5,85.0,54.25,49.75
Innerkip,43.210260999999996,-80.6966863,60.75,77.5,96.5,101.0,104.75,104.25,107.0,104.5,93.5,85.0,54.25,49.5
Princeton,43.1708099,-80.5265663,60.25,77.5,97.25,101.0,104.0,104.5,107.0,104.5,93.25,85.0,53.5,49.5
Drumbo,43.2361621,-80.5528498,61.0,77.5,97.0,101.0,104.0,104.25,107.0,104.5,93.5,85.0,54.25,49.75
Plattsville,43.303258299999996,-80.6215757,60.75,77.5,97.25,101.0,103.75,104.25,107.0,104.5,93.25,84.75,53.5,49.5
Tavistock,43.3218908,-80.8350141,60.25,77.5,98.25,101.0,104.0,104.5,107.0,104.25,93.0,84.75,53.25,49.25
St. Marys,43.257085499999995,-81.1408629,59.25,77.5,98.5,101.75,104.5,104.75,107.25,104.5,92.75,84.25,53.25,48.75
Stratford,43.373112,-80.98297099999999,59.25,77.5,99.25,102.0,105.25,105.25,107.75,104.75,92.5,84.25,53.25,48.5
Mitchell,43.467942,-81.19789899999999,59.25,77.5,99.25,102.0,105.0,104.75,107.5,104.25,91.75,84.0,53.25,48.5
Monkton,43.58832,-81.0814443,58.25,77.5,100.25,103.0,106.0,105.5,108.25,104.5,91.0,83.0,52.5,47.5
Milverton,43.5657995,-80.9221027,58.25,77.5,101.25,103.5,105.0,104.75,108.25,103.5,91.0,83.0,52.25,47.5
Atwood,43.6669112,-81.02020879999999,58.25,77.5,101.25,103.0,104.75,104.5,108.25,103.25,91.5,83.5,52.5,47.75
Listowel,43.731593,-80.95288199999999,57.25,77.75,102.25,103.75,104.75,104.5,108.5,103.0,91.0,83.0,52.25,47.25
Mount Forest,43.981660999999995,-80.736345,57.25,77.75,102.25,104.0,104.5,104.0,108.5,102.75,91.0,83.0,51.75,47.25
Harriston,43.9118312,-80.8690127,57.25,77.75,103.25,104.25,104.25,103.25,108.0,102.5,90.0,81.25,50.75,46.75
Palmerston,43.8336774,-80.8481923,57.25,77.75,103.25,104.75,104.25,104.0,108.5,102.5,90.0,82.0,51.0,46.75
Moorefield,43.7590299,-80.74709240000001,57.25,77.75,102.5,104.25,104.25,104.0,108.5,102.75,90.5,82.0,51.25,47.25
Drayton,43.755502500000006,-80.6674859,58.25,77.75,102.25,103.75,104.0,103.75,108.25,102.75,91.0,83.0,51.5,47.75
Arthur,43.833220000000004,-80.535735,58.25,77.75,101.5,103.25,104.0,103.75,108.0,102.75,91.0,83.0,51.5,47.75
New Hamburg,43.379334,-80.710351,58.75,77.75,102.0,103.25,104.0,103.25,108.0,102.75,91.0,82.0,51.5,47.75
Wellesley,43.6655242,-79.3838011,59.75,77.5,99.25,101.75,104.0,104.25,107.25,103.75,92.75,84.25,53.25,48.75
Linwood,43.5815263,-80.7283604,59.25,77.5,100.0,102.25,104.25,104.25,107.5,103.5,92.25,84.0,52.5,48.5
Elmira,43.6,-80.557654,58.75,77.5,100.25,102.75,103.75,104.0,107.5,103.0,91.75,84.0,52.5,48.25
Waterloo,43.466874,-80.524635,59.25,77.75,100.25,102.25,103.75,104.0,107.5,103.5,92.25,84.0,52.5,48.5
Kitchener,43.453168,-80.494423,60.0,77.5,99.25,101.5,103.75,104.0,107.5,103.5,92.75,84.5,52.5,48.75
New Dundee,43.349167,-80.536417,60.0,77.5,99.25,101.25,103.75,104.0,107.5,103.5,92.75,84.5,52.75,48.75
Ayr,43.28551220000001,-80.4507012,60.25,77.5,98.25,101.0,103.75,104.0,107.0,103.75,93.0,84.75,53.25,49.25
Cambridge,43.3855479,-80.3113582,60.75,77.5,97.5,101.0,103.75,104.25,107.25,104.5,93.5,84.75,53.5,49.75
Morriston,43.448287799999996,-80.11719559999999,61.0,77.5,98.25,101.0,103.75,104.25,107.5,104.25,93.25,84.5,53.25,49.75
Aberfoyle,43.4715981,-80.1495579,61.75,77.75,99.0,101.0,104.0,104.25,108.0,104.5,93.25,84.0,53.25,49.75
Guelph,43.533783,-80.23063370000001,61.75,77.75,99.25,101.0,104.0,104.0,108.0,104.5,93.25,84.0,53.25,49.75
Rockwood,43.618907799999995,-80.14420870000001,61.0,77.75,99.5,101.5,104.0,104.0,108.0,104.5,92.75,84.0,52.5,49.25
Elora,43.681121000000005,-80.429581,61.25,78.0,100.25,101.5,104.0,104.0,108.5,104.0,92.75,83.0,52.5,49.25
Alma,43.730133,-80.5022187,59.75,77.75,101.0,102.25,104.0,103.75,107.75,103.25,92.0,83.0,52.25,48.75
Fergus,43.7072895,-80.37443359999999,59.0,77.75,101.25,102.75,103.5,103.5,107.5,102.75,91.5,83.0,51.75,48.0
Belwood,43.782104,-80.33454106,59.75,77.75,101.25,102.25,104.0,103.75,108.0,103.25,92.0,83.0,52.25,48.75
Grand Valley,43.8991217,-80.3152465,59.75,78.0,101.5,102.5,104.0,103.5,108.25,103.25,91.75,82.75,51.75,48.75
Orangeville,43.9194098,-80.0988238,59.75,78.0,102.25,103.0,104.0,103.25,108.25,103.0,91.0,82.0,51.5,48.0
Hillsburgh,43.7924268,-80.1472181,61.0,78.5,102.5,102.75,105.0,103.5,108.5,103.75,92.0,82.0,51.5,48.75
Caledon Village,43.860319200000006,-79.99591120000001,60.75,78.0,101.25,102.0,104.0,103.5,108.5,103.5,92.0,82.25,51.75,48.75
Palgrave,43.950151899999994,-79.8361523,61.75,78.5,102.25,102.0,104.5,103.5,108.5,104.0,92.5,82.0,52.0,49.0
Nobleton,43.90221270000001,-79.652722,63.0,79.75,104.0,103.0,105.25,104.5,109.25,104.5,93.0,82.25,52.5,49.5
Newmarket,44.056258,-79.461708,64.25,80.0,103.25,102.0,105.25,104.5,109.0,104.5,93.25,83.0,52.5,50.25
Aurora,43.99973,-79.467545,65.25,81.25,105.25,103.0,106.0,104.5,109.0,104.0,93.0,82.25,52.5,51.0
King City,43.929319,-79.53649200000001,65.25,80.75,104.75,102.25,106.0,104.5,108.75,104.0,93.0,82.25,52.5,50.5
Whitchurch-Stouffville,43.9715452,-79.24673979999999,64.75,80.25,103.75,102.0,105.25,104.5,108.75,104.0,93.5,82.75,52.5,50.5
Pickering,43.835765,-79.090576,66.0,80.75,104.5,102.0,105.75,104.5,108.75,103.75,93.0,82.25,52.5,51.5
Toronto,43.653963,-79.38720699999999,67.0,81.25,103.75,101.0,106.0,105.25,110.5,105.25,93.0,83.0,53.5,52.0
Mississauga,43.590338,-79.645729,65.25,79.75,101.75,101.0,105.75,105.5,110.75,106.5,93.75,84.0,53.5,51.0
Brampton,43.6858146,-79.7599337,64.25,79.0,100.75,101.0,105.25,105.5,110.5,106.5,93.75,84.0,53.5,50.5
Milton,43.513671,-79.882817,63.5,79.0,101.25,101.25,105.25,105.0,109.75,105.75,93.75,83.0,53.25,49.75
Oakville,43.447435999999996,-79.66667199999999,62.5,78.25,100.25,101.0,104.75,105.0,109.25,105.75,93.75,84.0,53.5,49.75
Burlington,43.3248924,-79.7966835,64.25,78.75,99.75,101.0,105.25,105.75,110.75,107.5,94.25,84.25,54.25,50.5
Carlisle,43.1280687,-81.48306509999999,63.5,77.75,98.25,100.25,104.75,105.5,110.25,106.5,94.0,84.75,54.25,50.5
Hamilton,43.242528899999996,-79.94704229999999,62.5,77.75,98.25,101.0,104.25,104.5,108.5,105.25,93.5,84.0,53.5,50.25
Mount Hope,44.413536799999996,-81.2314369,63.5,77.25,97.25,100.25,104.75,105.5,109.75,106.25,94.0,84.75,54.25,50.5
Binbrook,43.121034,-79.804001,63.25,77.25,96.25,100.0,104.25,104.75,108.25,105.5,94.0,84.75,54.25,50.75
Grimsby,43.191159999999996,-79.556465,63.5,77.0,96.25,100.0,104.25,104.75,109.25,105.75,94.0,84.75,54.5,51.0
Smithville,43.0989153,-79.5486553,64.5,77.5,97.25,99.75,104.75,105.0,110.5,106.75,94.25,84.75,54.5,51.25
St. Catharines,43.167376000000004,-79.241638,64.5,77.0,96.25,99.25,104.75,104.5,109.75,106.5,94.25,84.75,54.5,51.5
Niagara-on-the-Lake,43.2551115,-79.07148959999999,65.25,77.75,97.25,99.0,104.75,104.5,110.75,107.25,94.25,84.75,54.5,51.75
Niagara Falls,43.100983,-79.11529499999999,66.25,78.75,98.75,99.0,105.25,104.75,110.75,106.75,94.25,85.0,54.5,52.5
Welland,42.993097,-79.25056500000001,65.5,77.5,97.0,98.0,104.75,103.75,110.0,106.5,93.75,84.75,54.5,52.5
Stevensville,42.9559443,-79.0549165,65.25,77.0,96.0,98.25,104.75,103.75,110.0,107.25,93.75,84.75,54.75,52.25
Fort Erie,42.91308,-78.918611,65.5,77.25,96.0,98.0,104.75,103.5,109.75,106.0,93.75,84.75,55.0,52.5
Crystal Beach,42.869925,-79.058304,65.75,77.5,96.0,97.75,104.25,103.25,109.75,105.5,93.75,84.75,55.0,52.75
Fenwick,43.935581799999994,-78.6873512,65.5,77.25,95.75,97.75,104.5,103.5,109.5,105.75,93.75,84.75,55.0,52.5
Dunnville,42.904136,-79.617233,64.5,77.0,96.25,98.75,104.75,104.0,110.0,107.0,94.25,84.75,54.5,51.5
York,44.000751799999996,-79.43722170000001,64.5,77.0,95.25,99.25,104.75,104.25,109.75,106.5,94.5,84.75,55.0,51.5
Selkirk,42.835192,-79.9312019,63.5,77.0,95.5,100.0,104.75,104.75,108.75,106.0,94.25,84.75,54.5,51.25
Vittoria,42.7624226,-80.323385,63.5,76.5,94.25,99.75,104.75,104.5,109.0,106.25,94.5,85.25,55.25,51.5
St. Williams,42.667320600000004,-80.4151301,62.75,76.5,93.25,99.5,104.0,104.5,108.5,106.25,94.5,85.75,55.25,51.25
Port Rowan,42.623613,-80.45017800000001,62.75,76.5,92.5,99.5,104.5,104.5,109.0,106.5,94.75,85.75,55.25,51.25
Delhi,42.849918,-80.493736,63.0,76.5,92.5,99.5,104.5,104.5,109.0,106.25,95.0,86.0,55.25,51.5
Teeterville,42.9454294,-80.44393559999999,62.0,76.5,94.25,100.0,104.0,104.5,108.0,106.0,94.5,85.5,54.75,50.75
Scotland,43.0274904,-80.37254329999999,62.0,77.0,94.25,100.0,104.0,104.25,107.25,105.5,94.0,85.0,54.5,50.5
Mount Pleasant,44.260714,-78.49580809999999,62.0,77.5,95.25,100.0,104.0,104.0,107.25,105.5,93.75,85.0,54.5,50.5
Burford,43.103214200000004,-80.42927009999998,62.0,77.5,96.0,100.5,104.0,104.5,107.25,105.5,93.75,85.0,54.25,50.25
Brantford,43.141078,-80.266113,61.75,77.5,96.25,100.75,104.0,104.0,107.25,105.0,93.5,85.0,54.25,50.25
St. George,43.6684465,-79.398844,62.0,77.5,96.25,100.75,104.0,104.75,107.5,105.5,93.75,85.0,54.25,50.25
Peawanuck,55.011489000000005,-85.424194,61.75,77.5,97.25,101.0,104.0,104.5,107.5,105.0,93.5,84.75,54.0,49.75
Attawapiskat,52.9239892,-82.42834894,71.25,100.25,139.5,136.75,113.25,98.0,98.75,92.0,67.0,56.25,45.5,50.25
Moosonee,51.267071,-80.650635,78.5,102.5,136.0,132.0,107.5,96.25,97.75,94.0,69.0,58.0,46.5,56.75
Moose Factory,51.258477,-80.609436,81.75,104.5,133.75,125.75,105.5,96.25,96.75,95.25,69.25,57.5,46.5,61.25
Sachigo Lake,53.871154000000004,-92.182159,81.75,104.5,134.0,125.75,105.5,96.25,96.75,95.25,69.25,57.5,46.5,61.25
Muskrat Dam,53.4028286,-91.7780686,76.5,98.0,136.0,130.25,113.75,99.75,103.75,98.0,74.0,57.0,49.0,57.5
Kasabonika,53.5338547,-88.6078048,77.5,98.0,135.0,129.25,113.5,99.0,103.5,97.75,74.25,58.0,49.5,58.5
Kingfisher Lake,49.97133445,-84.15484654,75.5,99.0,133.75,130.0,111.75,96.25,100.75,94.25,70.0,58.25,48.5,57.25
Summer Beaver,52.70772085,-88.54191711,77.5,98.75,132.75,128.75,112.0,96.75,102.5,96.0,72.5,59.25,49.5,59.25
Webequie,52.98388275,-87.37771579999999,76.5,98.0,130.5,128.75,108.5,95.0,100.5,94.0,71.5,60.5,49.75,59.75
Lansdowne House,52.21871229999999,-87.8876724,75.5,98.0,131.25,130.0,107.75,94.5,99.25,93.25,70.0,60.0,49.5,58.5
Fort Hope,51.557038899999995,-87.8982497,76.5,97.0,128.0,128.0,105.5,94.0,100.0,93.25,71.75,62.5,50.75,61.25
Cat Lake,51.7245896,-91.82600670000001,77.5,95.5,126.0,127.0,104.0,93.5,100.75,95.5,73.75,64.0,52.75,63.25
Poplar Hill,52.100596100000004,-94.301147,81.25,97.25,130.5,127.0,112.25,98.25,105.0,99.75,78.5,64.25,53.25,64.0
Deer Lake,52.620549100000005,-94.04825629999999,80.25,96.75,131.75,126.0,113.25,101.5,108.0,102.0,81.5,65.25,54.5,64.0
North Spirit Lake,52.5074914,-93.0164679,79.5,97.0,133.0,127.25,113.5,101.0,106.75,101.25,79.75,62.5,53.0,62.75
Pikangikum,51.80994570000001,-93.97435688,79.5,97.5,133.0,127.25,112.75,99.75,105.5,100.0,78.0,62.0,52.25,62.25
Wunnummin Lake,52.93205,-89.29952,80.5,96.75,131.5,126.0,113.5,101.0,107.5,102.25,81.5,66.25,54.5,64.25
Whitedog,50.131815,-94.9317755,77.25,98.75,132.0,128.75,111.0,96.75,101.5,95.0,72.0,59.5,49.5,59.5
Minaki,49.98450689999999,-94.6718552,82.0,96.75,128.5,123.5,114.5,103.5,110.75,107.75,89.25,75.75,59.75,66.75
Redditt,49.974482200000004,-94.39093249999999,82.75,97.0,128.5,123.75,114.5,103.0,110.0,107.25,89.0,75.75,60.0,67.25
Shoal Lake,49.6151361,-95.10883879999999,83.0,97.25,129.0,123.75,114.25,102.25,109.25,106.25,88.0,75.5,59.5,67.75
Kenora,54.0245941,-89.16181879999999,82.5,96.5,127.25,122.5,115.0,104.5,110.75,109.0,92.0,79.0,61.5,67.25
Crow Lake,44.7326843,-76.60598159999999,83.25,97.25,128.5,123.5,114.5,102.5,110.0,107.0,89.25,76.5,60.25,67.75
Nestor Falls,49.1109791,-93.9261533,84.5,96.5,127.0,122.5,114.5,102.25,109.75,107.0,90.0,78.0,61.25,67.75
Vermilion Bay,49.856578999999996,-93.39202900000001,84.5,96.5,126.75,122.5,114.5,102.25,109.75,106.75,90.5,78.5,61.75,67.75
Eagle River,47.2015914,-80.0731871,84.25,97.0,128.5,124.25,113.25,100.75,107.25,104.25,85.75,74.25,59.25,67.25
Ignace,49.41276,-91.654816,84.5,96.5,128.0,124.5,113.5,100.75,107.0,104.25,85.75,74.25,59.25,67.25
Rainy River,48.8208533,-92.6997993,85.5,95.5,126.5,125.25,113.75,99.5,106.75,103.75,85.0,74.5,60.5,66.75
Emo,48.6322916,-93.8356983,85.0,97.0,126.25,121.5,115.25,104.5,111.75,108.25,93.25,81.0,64.0,68.25
Devlin,48.6200794,-93.6722915,85.5,96.25,125.75,121.75,114.75,102.75,110.5,107.25,92.0,80.0,63.0,68.0
Fort Frances,48.611442499999995,-93.3967615,85.5,96.25,125.75,121.75,114.5,102.5,110.25,106.75,91.25,80.0,63.0,67.75
Seine River Village,48.721656,-92.4261298,85.5,96.25,125.75,121.75,114.25,102.25,110.25,106.5,90.5,80.0,63.0,67.75
Raith,48.87666,-90.07952,86.0,95.5,125.0,122.25,114.25,101.25,108.75,105.0,87.75,77.5,62.25,67.0
Lappe,43.895982200000006,-79.23618509999999,84.0,95.25,122.0,122.0,111.25,100.5,106.75,103.5,85.75,76.25,61.0,68.75
Kaministiquia,48.3473533,-89.3849975,83.0,95.25,121.0,121.25,111.0,100.5,106.75,102.75,85.75,76.75,61.25,69.0
Kakabeka Falls,48.40283779999999,-89.62541309999999,83.5,95.5,121.5,121.25,112.0,100.75,107.0,103.25,86.0,77.25,61.25,69.0
Hymers,48.2967078,-89.76146640000002,83.5,95.25,121.25,120.75,112.0,101.25,106.75,103.25,86.5,77.25,62.0,69.0
Hurkett,48.851820000000004,-88.4874,83.5,95.25,120.75,120.0,112.0,101.25,106.75,103.25,86.5,77.0,62.0,68.75
Red Rock,48.942571,-88.2590588,80.0,94.5,121.25,122.75,107.75,99.0,106.5,102.0,83.75,74.25,59.25,67.75
Nipigon,49.015591799999996,-88.2610663,79.0,93.5,120.25,122.75,106.25,98.0,105.75,100.75,82.0,72.5,58.5,67.0
Armstrong,50.302131,-89.0373698,78.75,93.5,120.25,123.0,106.0,97.5,105.75,100.75,81.5,71.75,58.25,67.0
Macdiarmid,49.436862700000006,-88.1299975,80.25,94.75,123.5,124.5,105.5,95.5,104.5,99.25,78.75,68.25,56.5,66.75
Beardmore,49.6,-87.95,78.0,92.5,121.0,123.25,104.25,96.0,105.0,100.0,80.0,69.75,57.0,66.25
Jellicoe,49.683333000000005,-87.516667,77.25,92.5,121.25,124.25,103.0,95.25,104.25,99.75,79.25,69.0,56.25,65.75
Geraldton,49.71887520000001,-86.94931679999999,76.25,92.5,120.25,124.25,101.25,94.0,103.25,99.0,78.25,68.25,55.75,65.25
Nakina,50.1782982,-86.71090240000001,75.0,91.75,120.0,124.5,99.5,93.0,102.25,99.0,77.25,67.5,55.25,64.25
Rossport,48.8350674,-87.5208877,75.25,92.5,120.75,125.25,99.5,92.0,101.0,98.0,75.5,66.25,54.5,63.5
Schreiber,48.8114595,-87.2627416,75.5,91.25,117.75,122.0,103.25,96.0,104.25,100.75,80.0,70.75,57.25,64.5
Terrace Bay,48.4959153,-87.11540351,74.5,90.5,116.5,121.5,102.0,95.25,103.25,99.75,79.0,70.0,56.25,63.5
Marathon,48.716220299999996,-86.3758954,74.0,90.25,116.75,122.0,102.0,95.75,103.5,100.5,79.0,69.75,56.25,63.25
Heron Bay,48.456878700000004,-91.5613594,72.5,90.0,117.75,122.0,101.5,95.75,103.0,100.75,79.0,68.75,55.0,60.5
Hemlo,48.6836193,-85.9849655,72.0,90.0,118.0,121.75,101.5,96.0,103.0,100.5,78.75,68.5,54.75,60.5
Caramat,49.61708970000001,-86.1302046,72.0,90.5,118.25,121.75,101.0,95.75,102.75,99.75,78.0,68.0,54.5,59.5
Hillsport,49.4525638,-85.5470983,73.5,91.5,119.25,124.0,99.5,93.25,100.75,99.0,76.0,66.5,54.0,62.0
Manitouwadge,49.133333,-85.8,73.25,91.5,119.75,123.25,100.5,94.25,100.75,99.25,75.5,66.5,53.0,60.5
Hornepayne,49.216667,-84.783333,72.5,90.75,118.75,122.25,100.5,94.75,101.0,99.75,76.25,67.0,53.5,60.5
White River,48.5002622,-85.07589990000001,73.25,92.5,120.5,122.0,102.0,95.5,101.75,99.75,76.25,66.25,52.25,58.5
Oba,49.066666999999995,-84.1,71.0,90.75,117.25,119.25,101.5,95.5,101.5,98.75,77.0,66.25,52.5,57.5
Calstock,49.78918779999999,-84.1388218,73.75,93.5,121.25,120.5,103.0,96.0,101.75,99.0,75.75,65.0,51.0,58.0
Hearst,49.690732000000004,-83.666382,75.25,94.5,122.5,122.75,102.25,95.25,100.25,98.25,74.0,64.25,50.75,59.5
Jogues,49.59789,-83.7461877,76.0,95.5,123.0,121.75,103.0,95.75,100.25,98.0,73.75,63.75,50.25,59.25
Mattice,49.6127343,-83.26194790000001,75.5,94.5,122.5,121.5,102.75,96.0,100.25,98.25,74.25,64.0,50.25,59.0
Opasatika,49.533333,-82.866667,77.0,95.5,123.25,121.0,103.0,96.0,100.25,97.75,73.5,63.0,50.25,59.5
Harty,49.475629,-82.67978719999999,78.0,96.5,123.5,120.25,103.25,96.0,100.25,97.5,73.25,62.5,49.5,59.75
Val Rita,49.445807,-82.541656,78.25,97.25,124.0,120.0,103.25,96.0,100.25,97.5,73.25,62.25,49.25,60.0
Kapuskasing,49.416667,-82.43333299999999,78.25,97.5,124.25,119.75,103.5,96.0,100.25,97.5,73.25,62.0,49.25,60.25
Fauquier,49.3101561,-82.0402338,78.5,97.5,124.25,119.75,103.75,96.0,100.25,97.5,73.25,62.0,49.25,60.5
Smooth Rock Falls,49.21937375,-81.4851308,79.25,98.5,125.25,119.25,103.75,95.5,100.25,97.5,73.25,61.75,49.25,61.0
Cochrane,50.630897999999995,-82.19144440000001,79.25,99.25,126.0,119.75,104.25,96.0,100.25,97.5,73.0,61.75,49.25,61.5
Norembega,48.986571500000004,-80.7168064,79.75,99.75,126.5,120.0,104.0,96.0,101.25,97.0,72.5,62.75,49.0,61.75
Iroquois Falls,48.773701700000004,-80.5247553,80.25,100.25,127.0,119.5,104.25,96.5,101.25,97.0,73.25,63.0,49.0,62.5
Matheson,48.5354964,-80.464681,80.25,100.25,126.5,118.5,104.75,97.0,102.25,97.5,74.25,64.0,49.5,62.5
Kirkland Lake,48.154177000000004,-80.031281,80.25,99.75,126.5,118.0,105.25,98.25,102.75,98.0,75.25,65.25,49.75,62.5
Larder Lake,48.09942279999999,-79.71923129999999,79.25,99.0,125.75,116.0,104.75,98.0,103.25,97.75,76.0,65.75,50.0,62.5
Virginiatown,48.1408864,-79.582475,79.5,99.75,125.75,115.5,104.75,98.0,103.25,98.0,76.25,65.75,49.5,63.0
Matachewan,47.85634495,-80.47861733,79.5,99.75,126.0,115.5,104.75,98.0,103.25,97.75,76.0,65.5,49.25,63.0
Gowganda,47.6545771,-80.7800752,79.25,98.0,124.75,116.0,105.5,98.75,104.5,99.5,77.75,67.5,50.0,61.5
Elk Lake,47.7332696,-80.33183840000001,78.25,97.25,124.5,115.0,105.75,99.5,105.25,100.25,79.0,68.75,50.25,61.0
Englehart,47.821453999999996,-79.874725,79.25,98.0,124.75,115.0,105.5,99.5,105.0,99.75,78.75,68.0,50.25,62.0
Charlton,47.8104964,-80.0084627,79.25,99.0,125.5,115.0,105.5,99.5,104.5,99.5,78.0,67.75,50.0,62.5
Earlton,47.7105065,-79.8206953,79.25,98.75,125.25,115.0,105.5,98.75,104.5,99.5,77.75,67.75,50.0,62.5
Thornloe,47.667594799999996,-79.7600853,79.25,99.0,125.5,114.25,105.5,99.5,104.75,99.5,78.75,67.75,50.0,62.5
New Liskeard,47.508731,-79.67890290000001,79.25,99.5,125.75,114.75,105.5,99.5,105.0,100.25,79.0,68.0,50.25,62.5
Haileybury,47.4441901,-79.6360804,79.25,99.5,126.25,114.5,106.25,99.75,105.5,101.0,80.5,69.0,50.75,62.5
Cobalt,47.396228799999996,-79.68566679999999,79.25,99.0,125.5,114.0,105.75,99.5,105.25,100.75,80.5,68.75,50.5,62.25
Latchford,47.328585,-79.810181,79.0,98.25,124.75,113.75,105.75,99.5,105.0,100.0,80.0,68.75,50.25,62.25
Michipicoten River,47.9583039,-84.50646390000001,78.75,98.0,124.5,113.5,105.75,99.5,105.25,100.25,80.5,69.25,50.25,62.0
Hawk Junction,48.087503999999996,-84.5608156,69.25,89.5,117.5,116.5,104.25,97.75,103.5,98.5,77.75,64.75,51.0,54.0
Missanabie,48.3121432,-84.0853214,70.0,90.0,118.0,116.75,103.5,97.75,102.75,98.25,77.25,64.75,51.0,54.0
Montreal River Harbour,47.238172799999994,-84.6453152,72.0,91.75,120.0,117.75,104.0,97.75,103.0,99.25,77.25,65.5,50.75,55.25
Sultan,47.593978899999996,-82.7565623,65.75,87.0,116.5,114.0,106.0,100.0,105.25,99.0,80.25,67.0,50.25,50.25
Foleyet,48.244486,-82.4420815,73.0,93.0,122.25,116.0,106.5,100.25,105.75,101.0,80.5,69.0,50.25,55.0
Gogama,47.6736705,-81.7250895,76.25,95.5,123.5,117.5,105.75,98.75,104.5,100.25,78.25,66.75,50.25,58.0
Batchawana Bay,46.9274739,-84.60588229999999,76.5,95.25,123.75,115.75,106.5,100.25,105.75,101.0,79.75,69.0,50.25,58.5
Karalash Corners,46.7814502,-84.37677,65.25,88.0,117.0,113.75,108.0,101.75,106.5,100.75,82.25,69.25,50.75,49.0
Searchmont,46.7785824,-84.0513848,65.0,88.0,117.25,113.25,108.75,102.25,107.0,101.0,82.75,70.0,50.25,48.75
Goulais Bay,46.7199953,-84.4130393,65.5,88.25,117.75,112.75,108.75,102.5,107.0,101.25,82.5,70.0,49.75,48.75
Sault Ste. Marie,46.52391,-84.320068,64.75,88.0,117.25,113.25,109.5,103.0,107.0,101.75,83.25,70.75,50.75,48.75
Garden River,46.735473,-83.6303448,64.75,89.0,117.5,113.0,110.75,104.25,108.5,102.75,84.25,72.0,50.75,47.75
Desbarats,46.346326,-83.9229137,65.25,89.0,117.75,112.75,110.25,104.25,108.0,102.75,84.25,72.0,50.5,48.0
Richards Landing,46.2926484,-84.035187,65.5,89.25,118.25,112.5,110.75,105.0,108.75,103.0,84.5,73.0,50.75,48.0
Hilton Beach,46.256732,-83.88858499999999,65.5,89.25,118.25,112.75,111.0,105.0,108.75,103.5,85.0,74.0,51.25,48.0
Bruce Mines,46.302355,-83.792725,65.75,89.25,118.25,112.5,111.0,105.0,108.75,103.5,85.0,74.0,51.0,48.0
Thessalon,46.24373835,-83.56764781,66.25,89.25,118.75,112.5,110.75,105.0,108.75,103.5,85.0,73.5,50.75,48.0
Wharncliffe,46.417384000000006,-83.40128179999999,66.5,89.25,119.0,112.5,110.75,105.5,108.75,103.5,85.0,73.75,50.75,48.5
Iron Bridge,46.2789817,-83.2202252,66.75,89.25,119.0,112.25,109.5,104.25,107.75,102.0,83.5,71.75,50.0,48.75
Blind River,46.21880115,-82.99016569,67.25,89.25,120.0,112.5,110.75,105.5,108.75,103.5,85.0,73.0,50.75,48.75
Elliot Lake,46.373464,-82.652893,67.5,89.25,120.25,112.5,111.0,106.0,109.5,104.0,85.5,74.0,50.75,49.25
Spragge,46.20866470000001,-82.6517529,69.0,90.0,121.0,112.25,110.25,105.0,109.0,103.5,85.0,73.25,50.5,50.75
Cutler,46.201767600000004,-82.4679678,68.0,89.5,120.25,112.25,110.75,105.5,109.75,104.0,85.25,74.0,50.75,49.75
Spanish,46.20509345,-82.41110576,68.5,89.25,120.25,112.0,110.5,105.5,109.75,104.0,85.0,74.0,50.0,50.25
Massey,46.2126468,-82.07718309999998,68.5,89.25,120.25,111.75,110.5,105.0,109.75,103.75,85.0,74.0,50.0,50.75
Sagamok,46.151765399999995,-82.108168,69.0,89.5,120.0,111.75,109.75,105.0,109.5,103.5,84.25,73.25,50.0,51.25
Webbwood,46.2701321,-81.88391899999999,68.5,89.25,120.0,111.5,110.25,105.0,109.5,103.5,84.5,73.5,50.0,50.75
Espanola,46.265341,-81.769867,69.5,90.0,120.0,111.75,109.25,104.25,108.75,103.0,84.0,73.0,50.0,52.0
Gore Bay,45.9167876,-82.4640868,69.5,90.0,120.0,111.5,108.75,104.25,108.75,103.0,83.5,73.0,50.0,52.25
Sheshegwaning,45.934790299999996,-82.8374825,66.75,88.75,118.25,111.25,110.75,105.75,111.5,104.5,86.0,74.5,50.0,49.25
Kagawong,45.9080882,-82.2585277,66.5,89.0,119.25,112.25,111.5,106.5,110.75,104.75,86.25,75.0,50.75,48.75
West Bay,45.8275794,-82.16123540000001,66.5,88.0,118.25,111.25,110.5,105.75,110.5,104.5,86.0,75.0,50.0,49.5
Mindemoya,45.732806200000006,-82.166309,66.5,87.75,118.25,111.25,110.75,106.25,110.75,104.75,86.0,75.0,50.0,49.25
Providence Bay,45.6627198,-82.2765353,65.75,87.25,118.25,111.25,111.0,106.25,110.75,104.75,86.75,76.0,50.5,49.0
Sandfield,45.701505100000006,-81.9988117,65.5,87.25,118.25,111.5,111.25,107.25,111.25,105.25,87.0,76.0,50.75,48.5
Manitowaning,45.742986,-81.810439,64.75,86.5,118.0,111.25,110.5,106.25,110.5,104.75,86.75,76.0,50.5,49.0
Wikwemikong,45.807968100000004,-81.71220550000001,65.5,86.75,118.25,111.25,110.5,106.25,110.5,104.75,86.0,75.5,50.0,49.5
Sheguiandah,45.8966489,-81.9249573,65.75,87.0,118.25,111.25,110.0,105.75,110.25,104.5,86.0,75.0,50.0,49.75
Little Current,45.9800486,-81.9267993,66.5,87.75,118.75,111.25,110.0,105.5,110.25,104.25,85.5,75.0,50.0,49.75
Birch Island,45.6992493,-80.05351259999999,67.5,88.25,119.0,111.25,110.0,105.5,110.0,103.75,85.0,74.0,50.0,50.75
Killarney,46.00009955,-81.18896696,68.0,89.0,119.25,111.25,109.5,105.0,109.5,103.5,84.5,74.0,50.0,51.0
Cartier,46.7051435,-81.5536245,67.5,88.0,118.75,111.0,109.25,105.0,109.5,103.75,84.75,74.0,49.75,51.0
Sudbury,46.49272,-80.99121099999999,72.75,91.75,121.75,112.5,107.75,102.5,107.75,101.75,82.25,72.25,50.0,55.0
Estaire,46.310928100000005,-80.7983559,73.0,91.75,121.5,111.5,107.75,103.25,108.0,102.25,82.25,73.25,50.0,56.0
Markstay,46.493448,-80.5423985,71.75,90.75,120.5,111.0,108.0,103.5,108.0,102.5,83.25,73.25,49.75,55.25
St.-Charles,46.363040999999996,-80.417175,74.0,92.5,121.75,111.5,107.5,102.5,108.0,102.25,82.5,73.25,50.0,57.25
No√´lville,46.133946,-80.4317083,72.75,91.5,121.0,111.0,107.5,102.5,107.5,102.5,83.25,73.25,50.0,57.0
Temagami,46.973674200000005,-80.07363445,71.0,90.0,120.0,110.5,107.25,103.25,107.75,102.75,83.25,73.5,49.75,55.25
River Valley,46.586484399999996,-80.18051209999999,77.75,96.25,123.25,112.5,106.25,100.0,105.25,100.25,80.75,70.0,50.0,61.0
Field,46.5206969,-80.02732569999999,75.0,93.5,122.0,111.75,107.0,101.5,106.5,101.75,82.25,72.25,50.25,58.5
Sturgeon Falls,49.4478873,-82.4464329,75.0,93.25,121.75,111.0,107.0,101.5,106.5,101.5,82.25,72.25,50.0,58.5
Callander,46.222603,-79.365234,74.0,92.5,121.0,110.75,106.75,101.75,106.5,101.75,82.25,72.75,50.0,57.75
Bonfield,46.2323763,-79.1477157,74.25,92.5,119.75,109.75,106.25,100.75,105.0,101.0,82.25,72.25,49.75,58.0
Astorville,46.1839063,-79.2774755,75.0,92.75,119.75,109.5,106.25,100.5,104.75,101.0,82.25,72.25,50.0,58.5
Mattawa,46.317296,-78.70330799999999,74.25,92.5,119.25,109.5,106.25,100.5,104.75,100.5,82.25,72.25,49.75,58.0
Brockville,44.591445,-75.686531,76.25,94.0,120.0,109.5,106.75,100.5,105.0,101.75,83.25,73.0,50.75,59.5
Greater Sudbury,46.5814969,-81.06853818,75.75,91.75,113.75,99.5,105.0,103.5,109.25,105.5,92.25,82.75,56.25,60.25
Markstay-Warren,46.49350875,-80.49241649,73.0,91.75,121.75,112.0,107.25,102.5,108.0,102.0,82.25,73.0,50.0,56.0
Clarence-Rockland,45.54974620000001,-75.28937409999999,74.0,92.5,121.75,111.5,107.25,102.25,107.0,102.0,82.25,73.0,50.0,57.5
Bourget,45.434812,-75.1576662,79.0,96.5,119.75,102.5,103.75,100.25,107.25,104.0,89.75,79.25,56.0,62.25
Rockland,45.541940999999994,-75.3008554,78.75,96.0,118.75,102.25,103.75,100.75,107.25,104.25,90.25,79.5,56.0,62.25
Warren,46.4435316,-80.3080406,79.0,97.0,120.0,103.0,103.75,100.25,107.25,103.75,89.75,78.75,55.5,62.25
Greater Napanee,44.2483895,-76.95056340000001,74.0,92.5,121.75,111.5,107.25,102.25,107.0,102.25,82.5,73.25,50.0,57.5
Port Hope and Hope,43.9435964,-78.2989056,73.5,87.5,109.0,100.0,106.0,105.0,112.25,107.75,93.0,83.75,55.25,58.75
Kawartha Lakes,44.3555248,-78.7375917,69.75,83.25,105.75,100.5,107.0,105.0,112.0,106.0,92.75,83.5,53.5,55.0
Georgina,44.2280235,-79.4644446,68.75,84.0,109.0,103.25,107.25,104.5,110.5,104.25,91.25,82.25,52.5,54.0
Vaughan,43.820904,-79.5084,66.25,82.0,107.25,103.5,106.75,104.5,109.75,103.75,91.75,81.5,52.5,51.75
Caledon,43.875427,-79.858285,64.75,80.0,103.0,101.5,105.25,105.0,109.5,105.0,93.75,83.0,53.25,50.5
Mono,43.946219899999996,-80.1042319,62.5,79.0,102.25,102.0,105.25,104.5,109.5,104.75,93.0,83.0,52.5,49.5
Minto,43.91128079999999,-80.8704275,61.5,79.0,103.5,103.0,105.25,104.0,109.0,104.0,92.0,82.0,51.5,48.75
East Gwillimbury,44.0957511,-79.48978029999999,57.25,77.75,103.5,104.75,104.25,103.75,108.5,102.5,90.0,81.5,50.75,46.75
Brant,43.1010804,-80.4288217,65.75,81.75,106.25,103.0,106.25,104.25,108.75,103.75,92.0,82.0,52.5,51.0
Chatham-Kent,42.41833,-82.08984170000001,61.75,77.5,96.25,100.75,104.0,104.25,107.25,104.75,93.5,84.75,54.25,50.25
South Bruce Peninsula,44.631090500000006,-81.268759,65.5,80.75,99.5,102.5,110.75,108.0,111.0,108.0,98.25,91.75,59.0,52.5
Bradford West Gwillimbury,44.1141792,-79.5648751,56.5,79.25,109.5,107.25,109.25,106.0,109.5,105.0,88.0,79.25,49.25,45.25
Northeastern Manitoulin and the Islands,45.9810237,-81.92660620000001,64.5,81.25,106.0,103.5,106.25,104.25,108.75,103.75,92.0,82.0,52.5,50.5
Greenstone,49.78342995,-86.55320838,66.5,87.75,118.25,111.0,109.5,105.5,109.75,103.5,85.0,74.0,50.0,49.75
Merrickville-Wolford,44.9145552,-75.8411615,76.0,92.5,120.25,124.5,100.5,93.25,102.75,99.0,77.75,67.75,55.5,64.75
Prince Edward,44.031827,-77.246933,76.5,93.0,115.5,101.0,105.0,103.5,108.5,106.25,92.0,82.25,56.0,60.75
Halton Hills,43.651288799999996,-79.91422159999999,72.25,85.5,107.5,99.5,107.0,105.5,112.0,108.0,94.0,84.5,55.25,57.75
Lincoln,43.1661027,-79.47665909999999,62.5,78.25,100.25,101.0,104.75,105.0,109.25,105.25,93.75,84.0,53.25,49.75
Pelham,43.0444118,-79.2816765,64.5,77.5,97.25,99.25,104.75,105.0,110.5,107.25,94.25,84.75,54.5,51.5
Lambton Shores,43.19264175,-81.90202425,64.5,77.0,96.25,98.75,104.75,103.75,110.0,107.0,94.0,84.75,54.75,51.75
Lakeshore,42.28407095,-82.65075573,61.75,80.0,103.0,103.5,109.5,107.0,109.5,106.75,93.25,86.0,55.25,49.5
South Huron,43.33238105,-81.52918449,67.5,81.0,98.75,102.25,112.0,108.75,111.25,108.5,99.75,92.5,60.5,53.75
Bluewater,43.467979299999996,-81.61287623,59.5,78.5,101.75,103.0,107.75,106.25,108.75,105.5,91.75,84.0,53.5,48.25
Huron East,43.62151325,-81.29207089,59.25,78.75,103.0,103.75,107.75,106.25,109.25,105.25,91.0,83.75,53.25,47.75
Saugeen Shores,44.4957093,-81.37157579999999,57.25,77.75,102.25,104.0,105.75,105.0,108.75,103.5,90.5,82.5,52.0,47.25
New Tecumseth,44.1531266,-79.87020600000001,56.25,78.0,107.5,107.0,109.0,106.0,109.5,104.25,89.25,80.25,50.5,45.25
Innisfil,44.3150892,-79.5461073,63.75,80.75,105.75,103.5,106.25,104.5,109.25,104.0,92.25,82.25,52.5,49.75
Laurentian Hills,46.017508,-77.4535813,64.5,81.75,107.0,104.0,106.75,104.25,109.0,103.75,91.75,81.5,52.25,50.5
Point Clark,43.8068867,-79.4221217,78.0,96.0,120.75,107.75,106.0,102.25,107.75,104.0,87.5,76.0,52.75,61.25
Newcastle Village,43.916881,-78.591411,57.25,78.75,107.0,106.25,108.75,106.5,110.25,104.0,90.25,82.0,51.5,46.0
Wooler,44.1503615,-77.69660259999999,68.5,82.75,104.75,100.25,106.5,104.5,111.75,105.75,92.0,83.25,53.5,54.0
Killaloe,45.5541693,-77.41528259999998,72.25,85.75,107.0,100.25,107.25,105.75,113.25,106.75,93.0,83.5,54.5,57.75
St. Isidore,45.38736,-74.902725,77.25,94.25,118.75,106.0,107.0,103.0,109.0,105.5,89.25,78.5,53.75,60.5
Nairn Centre,46.3331127,-81.5832747,78.0,95.0,118.25,101.5,103.75,101.0,107.25,104.25,90.5,80.5,56.5,62.25
Nanticoke,42.810095399999994,-80.0728118,70.0,90.0,120.0,111.5,108.0,104.25,108.75,102.75,83.25,72.75,49.75,53.25
Port Dover,42.787339,-80.200195,63.5,76.5,94.0,99.75,104.5,104.5,109.0,106.25,94.5,85.5,55.25,51.5
Jarvis,42.8844706,-80.11394140000002,63.0,76.5,93.5,100.0,104.5,104.5,108.75,106.5,94.5,85.75,55.25,51.25
Waterford,42.929028,-80.29357900000001,63.0,76.5,94.25,100.0,104.0,104.5,108.25,106.25,94.5,85.25,55.0,51.25
Beamsville,43.165457700000005,-79.4751839,62.5,76.75,94.25,100.0,104.0,104.25,107.5,105.5,94.0,85.0,54.5,50.75
Vineland,43.15107570000001,-79.3923803,64.5,77.5,97.25,99.25,104.75,104.75,110.5,107.0,94.25,84.75,54.5,51.5
Caledonia,43.073426,-79.9536089,64.5,77.5,97.25,99.0,104.75,104.75,110.5,107.25,94.25,84.75,54.5,51.5
Acton,43.6340679,-80.0351117,63.25,77.5,96.25,100.0,104.5,104.75,108.25,105.75,94.25,84.75,54.5,50.75
Georgetown,43.6502652,-79.9036058,61.75,78.0,100.25,101.25,104.25,104.0,108.5,104.5,92.75,83.0,52.5,49.5
Bolton,43.879548,-79.73826,62.5,78.5,101.25,101.5,104.75,104.75,109.25,105.0,93.5,83.25,52.75,49.5
Stouffville,43.967349,-79.24737579999999,63.5,79.75,103.25,102.25,105.5,104.75,109.5,105.0,93.25,83.0,52.5,49.75
Claremont,43.972063,-79.13074499999999,66.25,81.0,104.5,102.0,106.0,104.5,109.5,104.0,93.0,82.75,52.5,51.5
Orono,43.975028,-78.616447,66.75,81.5,104.75,101.5,106.0,104.5,109.5,104.5,93.0,82.75,52.75,52.0
Bowmanville,43.910755,-78.680305,68.75,82.75,105.25,100.5,106.25,104.5,111.0,105.0,92.0,83.25,53.5,54.0
Bradford,44.1149359,-79.58782120000001,68.5,82.25,104.75,100.25,106.25,104.5,111.0,105.5,92.0,83.25,53.5,54.0
Cookstown,44.189754799999996,-79.7017017,64.75,81.25,106.0,103.0,106.25,104.5,109.0,104.0,92.75,82.25,52.5,50.5
Alliston,44.153459600000005,-79.869157,64.5,81.5,106.25,104.0,106.5,104.25,109.25,104.0,92.0,82.0,52.5,50.25
Orl√©ans,45.481032299999995,-75.5100002,63.25,80.75,106.0,104.0,106.25,104.25,109.5,104.25,92.0,82.0,52.0,49.5
South Porcupine,48.4781417,-81.2028545,79.0,96.5,119.25,103.0,103.75,101.0,107.5,104.25,90.5,79.25,55.5,62.25
Dubreuilville,48.349083,-84.55104859999999,79.25,98.5,125.0,118.0,105.25,97.75,103.5,98.75,76.5,65.5,50.0,61.25
McGregor,42.956832,-82.3693423,71.0,91.0,118.75,118.0,103.25,97.0,102.25,98.75,77.0,65.25,51.0,55.25
Kingsville,42.0378963,-82.7396606,68.5,81.25,98.75,102.25,112.0,108.75,111.25,108.25,100.25,93.0,61.25,54.25
Comber,42.2280552,-82.5528763,68.0,80.75,97.5,101.5,111.75,108.75,111.75,107.75,100.25,93.25,61.0,54.25
Leamington,42.051842,-82.599335,67.25,81.0,98.75,102.5,112.0,108.75,111.5,108.75,99.75,93.0,60.5,53.5
Wallaceburg,42.591005100000004,-82.3825264,67.75,80.75,97.5,102.0,112.0,109.0,112.0,108.0,100.25,93.25,61.0,54.25
Port Lambton,42.6567528,-82.5063813,65.5,80.75,100.75,102.5,110.75,107.75,111.0,108.0,97.5,91.0,58.75,52.25
Courtright,42.8193213,-82.4741033,65.5,81.25,101.5,103.0,111.0,108.0,111.0,108.25,97.5,91.0,58.75,52.25
Brights Grove,43.0314167,-82.2525386,65.0,81.5,102.5,103.25,111.0,107.75,110.75,108.25,96.5,90.0,58.0,51.5
Florence,42.6566092,-82.00807929999999,63.25,81.0,103.0,103.25,110.25,107.0,110.25,107.25,94.75,87.75,56.75,50.25
Highgate,42.502540100000004,-81.81845909999998,64.0,79.75,99.0,101.75,109.25,106.75,110.0,106.25,96.5,89.5,57.25,51.25
Alvinston,42.820890399999996,-81.86964549999999,64.25,79.25,97.0,100.75,108.25,106.5,109.5,104.25,97.0,90.0,57.5,51.75
Union,43.6456424,-79.3802085,62.75,79.0,99.0,101.75,108.5,106.75,109.75,106.0,95.5,88.0,56.25,50.5
Port Burwell,42.646724,-80.800337,62.0,77.5,95.25,100.75,106.25,104.5,108.5,103.5,95.5,87.0,55.25,50.5
Vienna,42.6795329,-80.792427,62.25,76.75,93.5,100.0,105.0,104.5,108.5,105.25,95.25,86.5,55.25,51.25
Langton,42.7419289,-80.5776754,62.25,76.5,93.5,100.0,105.0,104.5,108.25,105.0,95.0,86.5,55.25,51.0
Long Point,51.3381782,-80.38495040000001,62.0,76.5,93.25,100.0,104.5,104.5,108.0,106.0,94.5,85.75,55.25,51.0
Turkey Point,42.68880789999999,-80.3292017,63.0,76.5,92.5,99.5,104.5,104.5,109.0,106.25,95.25,86.0,55.75,51.75
Simcoe,44.501400700000005,-79.7038708,63.0,76.5,93.0,99.5,104.5,104.5,109.0,106.75,95.0,85.75,55.25,51.5
Hagersville,42.964235200000005,-80.046821,62.5,76.5,93.75,100.0,104.0,104.5,108.25,106.25,94.5,85.5,55.0,51.25
Cayuga,42.952055,-79.858002,63.0,77.0,95.25,100.0,104.0,104.75,108.25,106.0,94.5,85.0,54.75,51.25
Wellandport,42.968092,-79.4816843,63.5,77.0,95.25,99.75,104.75,104.75,109.0,106.25,94.5,84.75,54.75,51.25
Port Colborne,42.886027,-79.253311,64.5,77.0,96.0,99.0,104.75,104.25,109.75,106.75,94.25,84.75,54.75,51.5
Fonthill,43.039401899999994,-79.28360500000001,65.25,76.75,96.0,98.0,104.75,103.75,109.75,106.25,94.0,84.75,55.0,52.25
Thorold,43.1179352,-79.202235,64.75,77.0,96.25,98.25,104.75,103.75,109.75,106.75,93.75,84.75,54.5,51.75
Paris,43.193234000000004,-80.384281,65.25,77.5,97.0,98.25,104.75,104.25,110.0,106.5,94.0,84.75,54.5,51.75
Woodstock,43.133061,-80.74985500000001,61.5,77.5,97.25,101.0,104.0,104.5,107.25,105.25,93.5,85.0,54.25,49.75
Embro,43.1546467,-80.9005219,60.5,77.5,97.25,101.0,104.5,104.5,107.0,104.5,93.5,85.0,54.25,49.5
Grand Bend,43.312689,-81.75750699999999,60.25,77.5,97.25,101.0,104.75,104.75,107.25,104.5,93.25,85.0,53.75,49.5
Hensall,43.434048600000004,-81.5033094,60.25,79.25,103.0,103.5,108.5,107.0,109.25,106.5,91.75,84.75,54.25,48.5
Lucknow,43.961847999999996,-81.5172512,58.5,78.0,101.75,103.25,107.0,106.25,109.0,105.25,91.0,83.0,53.25,47.75
St. Jacobs,43.532949,-80.554627,56.25,77.5,105.25,105.25,107.0,105.5,110.0,103.5,90.0,81.25,51.25,46.0
Eden Mills,43.57744315,-80.13905409,59.75,77.5,100.25,102.0,103.75,104.0,107.5,103.5,92.75,84.0,52.5,48.75
Erin,43.775059999999996,-80.070076,61.5,78.0,100.0,101.25,104.0,104.0,108.5,104.5,92.75,84.0,52.5,49.5
Kincardine,44.177279999999996,-81.626358,61.5,78.25,101.25,102.0,104.25,103.75,108.5,104.0,92.75,83.0,52.25,49.0
Southampton,44.4957386,-81.3715844,56.25,78.5,107.0,107.0,109.0,106.5,110.0,104.25,90.25,81.25,51.25,45.5
Tara,44.477588399999995,-81.14621109999999,56.25,78.5,108.25,107.25,109.0,106.25,110.0,104.75,89.0,80.25,49.75,45.25
Holland Centre,44.3945886,-80.7952482,56.0,78.0,107.5,107.0,108.25,105.25,109.0,104.25,88.5,79.75,49.75,45.25
Shelburne,44.078472999999995,-80.20343100000001,56.25,77.5,105.5,105.25,106.0,103.5,107.75,102.5,88.0,79.25,49.25,46.0
Horning's Mills,44.153732,-80.2048675,60.25,78.5,103.5,103.25,105.0,103.25,108.25,102.75,90.75,81.25,51.0,48.5
Thornton,44.270899799999995,-79.72214749999999,60.25,79.0,104.25,103.75,105.25,103.75,108.75,103.0,90.25,81.0,50.75,48.5
Wasaga Beach,44.508749,-80.023384,63.75,81.5,107.25,104.0,106.75,104.25,109.0,103.75,91.25,81.25,51.5,50.25
Hepworth,44.633321200000005,-81.1340179,61.5,80.75,108.5,105.5,107.25,104.5,109.0,104.25,89.25,80.25,50.5,48.75
Cape Croker,44.92995,-81.02266999999999,56.25,78.75,108.5,107.25,109.25,105.25,109.25,104.25,88.0,79.25,49.25,45.25
Stokes Bay,45.3729309,-75.76929701,58.25,80.5,111.25,108.25,109.25,105.5,109.25,105.0,87.5,78.25,49.0,46.5
Horseshoe Valley,47.5001904,-79.6770648,58.75,81.5,112.25,109.0,110.25,106.0,110.25,105.25,88.0,78.75,49.5,46.25
Georgian Highlands,44.767087100000005,-80.1279395,63.5,81.25,108.5,104.5,106.5,103.5,108.0,103.0,89.0,79.25,50.5,50.5
Victoria Harbour,44.7505554,-79.7738108,61.25,81.0,110.0,106.25,107.5,104.0,108.25,104.25,87.5,78.25,49.75,49.0
Rama Road,44.6011648,-79.3571399,63.25,82.0,110.0,105.25,107.25,103.75,108.0,104.0,87.5,78.5,49.75,50.5
Cumberland Beach,45.424839299999995,-75.38310362,65.75,83.0,109.0,104.25,107.25,104.0,109.0,103.0,89.0,79.75,50.5,51.75
Washago,44.7520736,-79.3331786,65.5,83.0,109.75,104.25,107.25,103.75,108.5,103.5,88.5,79.25,50.5,51.75
Sutton,44.310301,-79.365311,66.5,83.0,110.0,104.25,106.75,103.75,108.25,103.5,88.5,78.75,50.5,52.0
Zephyr,44.2009217,-79.2651895,65.75,82.0,107.25,103.5,106.75,104.5,109.5,103.75,91.25,81.25,51.75,51.5
Keswick,44.239616600000005,-79.4686558,66.5,82.0,106.75,103.0,106.5,104.5,109.75,103.75,92.0,82.25,52.5,51.75
Schomberg,44.001387,-79.682541,65.25,81.75,107.0,103.5,106.75,104.25,109.0,103.75,92.0,81.5,52.5,51.0
Kleinburg,43.844184000000006,-79.628906,64.25,80.5,104.75,103.0,106.0,104.5,109.0,104.5,93.0,82.25,52.5,50.25
Richmond Hill,43.880078000000005,-79.439392,64.5,80.0,103.25,102.0,105.5,105.0,109.5,105.0,93.5,83.0,52.5,50.5
Markham,43.854335999999996,-79.326782,65.25,80.25,103.25,101.75,105.5,105.0,109.5,104.75,93.5,83.0,52.5,50.5
Ajax,43.850374,-79.024658,66.25,80.75,103.75,101.25,106.0,105.0,109.75,105.0,93.25,83.0,53.25,51.5
Brooklin,43.95871339999999,-78.9600543,67.0,81.25,103.75,101.0,106.0,105.5,110.75,105.75,93.0,83.5,53.5,52.25
Port Perry,44.101147,-78.947754,67.5,81.75,104.75,101.0,106.0,104.75,110.5,105.0,92.5,83.0,53.25,52.5
Clarington,43.96868585,-78.65135738,67.75,82.75,106.25,102.0,106.0,104.25,110.25,104.0,92.0,82.25,52.75,53.0
Roseneath,44.193438799999996,-78.0573032,68.75,82.75,105.25,100.5,106.25,104.5,111.0,105.5,92.0,83.25,53.5,54.25
Bridgenorth,44.3793451,-78.3849347,71.5,85.0,107.5,101.25,107.0,105.0,112.0,105.5,93.0,83.25,54.5,56.75
Fenelon Falls,44.535925,-78.737904,70.75,85.0,109.0,102.75,107.0,104.75,110.75,104.25,92.25,83.25,53.5,55.75
Hastings,44.8622979,-77.6788417,69.5,84.0,109.5,103.25,107.25,104.5,110.5,104.25,91.25,82.5,52.5,54.5
Brighton,44.0422275,-77.7370071,72.0,86.0,108.75,102.0,107.25,105.75,112.25,105.75,93.0,83.25,54.5,56.75
Trenton,44.1241761,-77.57389599999999,71.75,85.0,106.0,100.0,107.25,105.5,113.25,107.25,93.0,84.25,54.5,56.75
Consecon,44.053149700000006,-77.2254259,72.25,85.5,106.75,100.25,107.25,106.0,113.25,107.25,93.25,84.25,54.75,57.75
Bloomfield,43.9863908,-77.2300533,71.75,85.0,106.75,99.5,107.25,105.75,112.75,107.75,94.0,84.5,55.25,57.75
Tweed,44.4774126,-77.3105702,72.0,85.5,107.0,99.25,107.0,105.5,112.0,108.0,94.0,84.5,55.25,57.75
Marlbank,44.4356955,-77.0938347,73.75,88.25,111.0,101.75,107.0,105.75,113.0,106.75,92.25,83.25,55.25,58.75
Napanee,44.2473883,-76.9505543,73.75,88.25,110.5,101.0,106.25,105.0,112.25,106.75,92.25,83.25,55.0,59.0
Bath,44.1830254,-76.77565609999999,73.5,87.5,109.5,100.0,106.0,105.0,112.25,107.5,93.0,83.75,55.25,58.75
Newburgh,44.3257752,-76.8773546,73.5,87.5,108.75,99.25,106.0,104.75,112.0,107.75,93.0,83.75,55.5,58.75
Lansdowne,44.4057546,-76.0182686,73.75,88.0,109.75,100.0,105.75,104.75,112.25,107.0,92.25,83.25,55.25,59.0
Mallorytown,44.477549100000005,-75.8792729,74.75,90.75,112.5,99.25,105.5,104.0,111.5,105.75,92.25,83.25,56.0,59.75
Maitland,44.6361042,-75.61190450000001,75.0,91.0,112.75,99.25,105.25,104.0,110.75,105.75,92.25,83.25,56.25,59.75
North Augusta,44.761399,-75.7384541,75.75,92.0,113.75,99.5,104.5,103.25,108.75,105.25,92.0,82.75,56.25,60.25
South Mountain,44.9903748,-75.4517213,76.0,92.25,114.5,100.0,104.5,103.5,108.25,105.75,92.0,82.25,56.25,60.25
Iroquois,44.849283500000006,-75.31510829999999,77.25,93.75,116.0,100.5,104.25,103.0,107.25,105.75,91.25,81.5,56.25,61.0
Long Sault,45.0289171,-74.8969352,76.5,93.0,115.5,99.75,104.25,102.5,107.5,105.0,91.25,82.25,56.5,60.75
St-Eug√®ne,45.4992555,-74.4650277,76.75,93.75,116.5,99.75,104.0,101.75,107.75,104.75,91.0,81.75,57.0,61.25
Limoges,45.3341367,-75.2519986,78.5,95.25,119.25,101.5,103.75,99.75,106.5,103.5,90.25,79.75,56.5,63.25
Embrun,45.27420120000001,-75.2749125,78.25,95.75,118.25,101.75,103.75,101.0,107.25,104.75,90.5,80.5,56.0,62.25
Marionville,45.182367299999996,-75.3534803,78.0,95.0,117.75,101.5,104.0,101.5,107.5,105.25,91.0,80.75,56.25,62.0
Metcalfe,45.236218,-75.47264100000001,78.0,95.0,117.25,101.25,104.0,101.75,107.5,105.5,91.25,81.5,56.5,61.5
Manotick,45.232833,-75.688248,78.0,95.0,117.5,101.5,104.0,101.75,107.25,105.25,91.0,80.5,56.0,61.75
Richmond,45.1943303,-75.8386342,78.0,95.0,117.75,102.25,104.5,102.5,107.75,105.75,91.5,80.5,56.0,61.25
Middleville,45.098056400000004,-76.39626340000001,78.0,95.0,117.5,102.5,104.75,102.75,108.0,106.0,91.5,81.25,56.0,61.25
Lanark,45.047011,-76.32988780000001,77.5,94.0,116.75,103.25,106.0,103.75,109.5,107.0,91.75,81.5,55.5,60.75
Pakenham,45.334664200000006,-76.2886359,77.25,94.0,116.5,103.0,106.0,104.25,109.75,107.25,92.25,81.75,56.0,60.75
Braeside,45.461141600000005,-76.4019926,78.25,95.0,118.75,104.25,105.75,103.5,109.25,106.75,91.5,80.5,55.5,61.25
Denbigh,45.14044439999999,-77.2759578,78.25,95.5,118.75,104.5,106.0,103.5,109.25,105.75,91.25,79.5,55.25,61.25
Round Lake Centre,45.6143098,-77.5318126,76.0,92.25,115.75,103.75,106.25,103.5,109.75,105.5,90.25,80.25,54.25,60.25
Golden Lake,45.581039700000005,-77.24449720000001,77.25,94.25,119.5,106.5,107.0,103.0,108.5,105.25,88.75,78.0,53.75,60.5
Barry's Bay,45.488298,-77.679176,77.5,95.0,119.25,106.0,106.5,103.0,109.25,105.25,89.5,78.5,54.0,60.75
Wilberforce,45.0367069,-78.2241806,76.25,93.25,118.5,106.0,107.0,103.0,108.5,105.0,88.75,78.5,53.75,59.75
Haliburton,45.152539600000004,-78.51481319999999,72.75,88.25,113.0,104.5,106.25,103.0,108.25,103.5,88.5,79.5,52.5,57.0
Minden,44.9254436,-78.72493,71.25,86.75,112.0,104.25,105.5,102.75,108.25,103.25,87.75,77.75,51.0,56.0
West Guilford,45.108979999999995,-78.6005601,70.0,85.75,111.0,104.0,105.5,103.25,108.25,103.25,88.25,78.5,51.0,55.0
Coboconk,44.658576000000004,-78.798191,71.0,86.75,112.0,104.5,104.75,102.5,107.5,102.75,87.0,76.75,50.5,55.75
Port Sydney,45.220902200000005,-79.2935709,69.25,84.5,110.0,103.75,107.25,104.0,110.0,104.0,90.25,81.5,51.5,54.5
Dwight,45.3309935,-79.0114988,68.5,85.5,113.0,105.5,106.0,102.75,107.0,102.75,85.75,75.5,49.5,54.0
Port Severn,44.7985825,-79.7123047,70.0,86.75,113.5,105.75,105.75,102.5,106.75,102.0,85.25,75.0,50.0,55.25
Novar,45.4512455,-79.25000949999999,63.75,82.0,110.5,105.25,107.25,103.75,108.25,104.0,87.5,78.0,49.75,50.5
Emsdale,45.5290187,-79.31668990000001,69.25,86.75,114.25,106.5,106.25,102.25,106.75,101.5,84.5,74.0,49.25,54.75
Burk's Falls,45.6202244,-79.408916,69.5,87.0,114.75,107.0,106.5,102.0,106.75,101.0,84.0,74.0,49.0,54.75
Magnetawan,45.6651963,-79.6438541,70.0,87.5,115.25,107.5,106.75,102.0,106.5,101.25,84.0,74.0,49.0,54.75
Pointe au Baril Station,45.596289500000005,-80.3737938,69.0,87.0,115.75,107.5,106.0,102.0,106.75,101.25,83.25,73.0,49.0,54.25
Britt,45.774189,-80.5578912,65.75,85.5,115.5,108.5,107.5,103.75,108.5,103.5,84.25,74.25,49.0,51.75
North Bay,46.309211499999996,-79.4607617,67.25,87.0,117.25,109.5,107.75,104.0,108.5,103.5,84.0,74.0,49.0,52.5
Verner,43.66121629999999,-79.3674656,74.75,92.75,120.0,110.0,106.25,100.75,105.0,101.0,82.25,72.25,49.75,58.5
Alban,46.10471810000001,-80.6263041,74.0,92.5,121.25,111.0,107.25,102.25,107.0,102.0,82.5,73.0,50.0,57.75
French River,46.0145901,-80.7297936,70.5,89.25,119.5,110.5,107.75,103.25,107.75,102.75,83.5,74.0,49.75,54.5
Chelmsford,46.5691573,-81.1978944,69.75,89.0,119.0,110.5,107.5,103.25,107.75,103.0,83.5,74.0,49.25,54.25
Onaping Falls,46.58790775,-81.33766505,73.0,91.75,121.75,112.0,108.0,103.25,108.0,102.25,82.25,72.75,50.0,56.0
Capreol,46.7065779,-80.9208165,72.75,91.5,121.25,112.0,107.25,102.5,108.0,101.75,82.25,72.25,50.0,55.25
Echo Bay,46.489669799999994,-84.0657362,75.0,93.5,122.75,112.5,107.25,102.0,107.5,101.75,81.75,72.25,50.25,58.0
Timmins,48.477472999999996,-81.330414,65.5,89.0,118.0,112.5,110.5,104.25,108.25,102.75,84.25,72.0,50.75,48.0
Chapleau,47.845632,-83.40187409999999,79.0,98.5,125.0,117.75,105.25,97.5,103.5,98.75,76.5,65.25,50.0,61.0
Wawa,47.9929283,-84.7740199,72.0,92.5,121.75,117.25,106.0,99.5,105.0,101.0,79.75,68.25,51.0,54.0
Moonbeam,49.3438094,-82.160162,69.25,89.5,117.25,116.5,103.75,97.75,103.25,98.5,77.75,64.75,51.0,54.0
Thunder Bay,48.406414,-89.259796,79.25,98.25,124.75,119.25,103.5,95.5,100.25,97.25,73.25,61.75,49.25,60.5
Shebandowan,49.126315600000005,-85.8272489,83.0,95.5,121.25,120.75,111.0,101.25,107.0,103.25,86.0,77.5,61.5,69.0
Kashabowie,48.6528006,-90.44462440000001,84.25,95.25,122.0,121.5,112.0,100.5,106.5,103.5,86.0,76.75,61.25,68.75
Atikokan,48.762526,-91.62460300000001,84.75,95.25,122.5,121.75,113.0,100.5,106.5,103.75,86.75,77.0,61.25,68.0
Stratton,45.150152500000004,-75.7093032,85.75,95.25,124.25,123.0,114.0,100.5,107.75,104.5,87.0,77.0,62.0,66.75
Whitefish Bay,50.260183500000004,-92.3371238,85.0,96.25,125.5,121.25,115.0,103.0,110.5,107.75,92.25,80.0,63.0,68.0
Grassy Narrows,50.1490401,-94.00468559999999,84.5,96.5,127.75,123.25,114.25,102.5,109.0,106.75,89.5,77.25,61.0,67.75
Red Lake Road,49.97367620000001,-93.3562704,83.25,97.25,129.25,124.5,114.0,101.75,108.25,105.0,86.5,73.75,58.5,67.25
Dryden,49.785698,-92.83584599999999,84.25,97.0,128.5,124.5,113.25,100.75,107.0,104.0,85.25,73.75,58.5,67.25
Wabigoon,49.716667,-92.6,84.5,96.5,128.0,125.0,113.25,100.0,106.5,104.25,85.0,73.5,59.25,67.0
Hudson,50.0904426,-92.1703196,84.75,96.5,128.0,125.0,113.5,99.75,106.25,104.0,85.0,73.75,59.5,67.0
Sioux Lookout,50.11345465,-92.19624323,84.25,96.25,128.0,125.5,112.5,99.0,106.5,103.0,83.0,71.0,57.5,66.75
Pickle Lake,51.4674476,-90.1907689,84.25,96.0,127.5,125.5,112.5,99.0,107.0,102.75,82.5,70.75,57.5,66.5
Osnaburgh House,51.1371771,-90.2666992,80.25,96.5,128.25,126.5,109.25,96.75,104.0,99.0,77.25,64.5,53.5,64.25
Longlac,49.778224,-86.539606,81.0,96.5,127.5,126.5,109.0,96.75,104.0,99.5,78.0,65.75,54.25,64.75
Fort Albany,52.2130217,-81.682452,74.25,91.5,120.0,124.5,99.5,92.75,101.5,99.0,76.25,67.0,54.75,63.25
